reviewerID,first_interaction,last_interaction,frequency,monetary,avg_rating,distinct_categories,recency,customer_age_T,r_score,f_score,m_score,rfm_segment,rfm_composite_score,cluster,pca_x,pca_y,pca_z,is_outlier,centroid_distance,clv_pred,p_active,churn_probability,expected_transactions_1y,projected_clv_1y,churn_risk_level,persona,priority_level,marketing_strategy,preferred_channel,discount_incentive
A000001P,2024-02-05,2025-12-31,11,1211.75,4.181818181818182,11,1,696,5,4,3,543,4.1,2,1.3486,0.7933,-0.7637,False,0.99,480.99,0.766,0.234,4.42,450.87,Low,Champions (VIPs),High (Preserve & Delight),"Reward loyalty with exclusive early access, VIP beta programs, and personal perks.",Dedicated VIP Email & Personal Concierge,0% - 5% (Focus on exclusivity rather than deep discounts)
A000002U,2024-01-27,2024-01-27,1,20.63,3.0,1,705,705,1,1,1,111,1.0,1,-4.5694,0.8819,0.0076,False,2.233,2.04,0.599,0.401,0.31,5.92,Medium,Hibernating / Casuals,Low (Low Touch),Automated low-cost liquidation campaigns or seasonal clearance alerts.,Mass Marketing / Retargeting Ads,Standard clearance promos (avoid expensive direct sales outreach)
A000003X,2024-02-21,2025-02-19,5,571.93,2.4,5,316,680,1,2,2,122,1.6,0,-1.7429,-1.4782,-0.583,False,1.763,41.97,0.341,0.659,0.92,96.93,High,Critical Reviewers,High (Service Recovery),Proactive customer success contact to resolve friction and collect feedback.,Direct Customer Support Outreach,Apology credit / Replacement support voucher
A000004F,2025-07-28,2025-12-31,9,1323.99,4.0,9,1,157,5,3,4,534,4.1,2,1.1509,0.6906,-0.9416,False,0.829,1809.54,0.76,0.24,15.91,2166.81,Low,Champions (VIPs),High (Preserve & Delight),"Reward loyalty with exclusive early access, VIP beta programs, and personal perks.",Dedicated VIP Email & Personal Concierge,0% - 5% (Focus on exclusivity rather than deep discounts)
A000005F,2024-05-25,2025-12-06,12,1606.98,4.333333333333333,12,26,586,3,4,4,344,3.6000000000000005,3,1.1175,0.0763,0.3979,False,0.562,620.99,0.684,0.316,5.12,634.29,Medium,Champions (VIPs),High (Preserve & Delight),"Reward loyalty with exclusive early access, VIP beta programs, and personal perks.",Dedicated VIP Email & Personal Concierge,0% - 5% (Focus on exclusivity rather than deep discounts)
A000006F,2024-05-24,2025-12-19,7,827.24,3.857142857142857,7,13,587,4,2,2,422,2.8000000000000003,2,0.1763,0.3697,-0.3739,False,0.667,488.03,0.746,0.254,3.25,355.18,Low,Loyal Customers,High (Nurture & Expand),Upsell higher-tier products and cross-sell accessories in related categories.,Targeted Email Newsletter & In-App Banners,10% on bundles or loyalty point multipliers
A000007C,2025-09-08,2025-12-29,22,2740.57,4.590909090909091,22,3,115,5,5,5,555,5.0,3,2.4818,0.2706,-0.0194,False,0.937,3542.53,0.702,0.298,36.61,4222.46,Low,Champions (VIPs),High (Preserve & Delight),"Reward loyalty with exclusive early access, VIP beta programs, and personal perks.",Dedicated VIP Email & Personal Concierge,0% - 5% (Focus on exclusivity rather than deep discounts)
A000008V,2024-06-06,2025-03-13,2,404.3,4.0,2,294,574,2,1,1,211,1.4000000000000001,1,-1.6801,0.5495,0.8128,False,0.936,58.92,0.594,0.406,0.76,141.4,Medium,Hibernating / Casuals,Low (Low Touch),Automated low-cost liquidation campaigns or seasonal clearance alerts.,Mass Marketing / Retargeting Ads,Standard clearance promos (avoid expensive direct sales outreach)
A000009N,2024-01-23,2024-12-22,14,1401.37,2.642857142857143,14,375,709,1,4,4,144,2.8,0,-0.3106,-2.1984,-0.1699,False,1.279,36.37,0.05,0.95,0.36,33.4,High,Critical Reviewers,High (Service Recovery),Proactive customer success contact to resolve friction and collect feedback.,Direct Customer Support Outreach,Apology credit / Replacement support voucher
A000010V,2024-03-05,2025-03-13,11,1679.36,4.090909090909091,11,294,667,2,4,4,244,3.2,0,0.4365,-0.7548,1.0844,False,1.093,80.96,0.064,0.936,0.39,54.66,High,At-Risk Customers,Critical (Win Back Immediately),"Urgent win-back campaigns, personalized reactivation discounts, and satisfaction surveys.",SMS Alert + Re-engagement Email Series,20% - 25% Time-limited reactivation coupon
A000011X,2025-09-08,2025-12-28,20,2433.35,4.1,20,4,115,5,5,5,555,5.0,3,2.0204,-0.1379,-0.4063,False,0.69,3089.28,0.678,0.322,35.33,3980.45,Medium,Champions (VIPs),High (Preserve & Delight),"Reward loyalty with exclusive early access, VIP beta programs, and personal perks.",Dedicated VIP Email & Personal Concierge,0% - 5% (Focus on exclusivity rather than deep discounts)
A000012H,2024-04-10,2025-03-29,3,387.11,3.6666666666666665,3,278,631,2,1,1,211,1.4000000000000001,1,-1.6276,0.1148,0.4985,False,0.914,57.03,0.536,0.464,0.93,111.05,Medium,Hibernating / Casuals,Low (Low Touch),Automated low-cost liquidation campaigns or seasonal clearance alerts.,Mass Marketing / Retargeting Ads,Standard clearance promos (avoid expensive direct sales outreach)
A000013R,2025-03-28,2025-03-28,1,62.84,5.0,1,279,279,2,1,1,211,1.4000000000000001,1,-2.6307,2.5024,1.5866,False,2.425,113.03,0.599,0.401,0.78,45.57,Medium,Hibernating / Casuals,Low (Low Touch),Automated low-cost liquidation campaigns or seasonal clearance alerts.,Mass Marketing / Retargeting Ads,Standard clearance promos (avoid expensive direct sales outreach)
A000014U,2024-02-27,2025-10-12,13,1597.96,4.153846153846154,13,81,674,3,4,4,344,3.6000000000000005,3,0.8442,-0.4226,0.661,False,1.011,340.63,0.488,0.512,3.43,390.65,Medium,Loyal Customers,High (Nurture & Expand),Upsell higher-tier products and cross-sell accessories in related categories.,Targeted Email Newsletter & In-App Banners,10% on bundles or loyalty point multipliers
A000015E,2024-01-09,2025-12-06,12,1627.3,3.8333333333333335,12,26,723,3,4,4,344,3.6000000000000005,3,0.8583,-0.3888,-0.0685,False,0.855,453.87,0.702,0.298,4.25,533.66,Low,Champions (VIPs),High (Preserve & Delight),"Reward loyalty with exclusive early access, VIP beta programs, and personal perks.",Dedicated VIP Email & Personal Concierge,0% - 5% (Focus on exclusivity rather than deep discounts)
A000016H,2024-01-08,2025-12-31,15,1658.49,4.2,15,1,724,5,5,4,554,4.7,3,1.799,0.514,-0.7069,False,1.01,542.04,0.766,0.234,5.79,592.69,Low,Champions (VIPs),High (Preserve & Delight),"Reward loyalty with exclusive early access, VIP beta programs, and personal perks.",Dedicated VIP Email & Personal Concierge,0% - 5% (Focus on exclusivity rather than deep discounts)
A000017Q,2024-03-13,2025-11-18,14,1749.12,4.142857142857143,14,44,659,3,4,4,344,3.6000000000000005,3,1.0816,-0.351,0.4313,False,0.688,487.73,0.611,0.389,4.74,548.23,Medium,Champions (VIPs),High (Preserve & Delight),"Reward loyalty with exclusive early access, VIP beta programs, and personal perks.",Dedicated VIP Email & Personal Concierge,0% - 5% (Focus on exclusivity rather than deep discounts)
A000018W,2025-07-29,2025-12-31,4,290.53000000000003,3.75,4,1,156,5,2,1,521,2.9,2,-0.5161,1.4987,-1.3167,False,1.208,1165.4,0.765,0.235,7.16,481.41,Low,Potential Loyalists,Medium (Activate),Offer membership/loyalty program onboarding and recommend category bestsellers.,Automated Onboarding Email Drip,10% - 15% on second/third purchase
A000019J,2025-09-15,2025-12-31,4,526.1800000000001,4.75,4,1,108,5,2,2,522,3.2,2,0.3864,2.1643,-0.3469,False,1.356,1448.51,0.763,0.237,10.32,1256.68,Low,Potential Loyalists,Medium (Activate),Offer membership/loyalty program onboarding and recommend category bestsellers.,Automated Onboarding Email Drip,10% - 15% on second/third purchase
A000020Q,2024-01-05,2025-06-27,13,1277.36,4.230769230769231,13,188,727,2,4,4,244,3.2,0,0.5678,-0.4776,1.0394,False,1.25,123.04,0.184,0.816,1.2,109.27,High,At-Risk Customers,Critical (Win Back Immediately),"Urgent win-back campaigns, personalized reactivation discounts, and satisfaction surveys.",SMS Alert + Re-engagement Email Series,20% - 25% Time-limited reactivation coupon
A000021J,2024-01-11,2024-12-30,7,678.5899999999999,3.0,7,367,721,1,2,2,122,1.6,0,-1.1025,-1.2009,0.066,False,0.859,27.75,0.161,0.839,0.57,51.23,High,At-Risk Customers,Critical (Win Back Immediately),"Urgent win-back campaigns, personalized reactivation discounts, and satisfaction surveys.",SMS Alert + Re-engagement Email Series,20% - 25% Time-limited reactivation coupon
A000022X,2025-09-02,2025-12-27,25,3012.12,4.52,25,5,121,4,5,5,455,4.6,3,2.5207,-0.0115,0.0844,False,0.92,3848.1,0.652,0.348,34.01,3793.68,Medium,Champions (VIPs),High (Preserve & Delight),"Reward loyalty with exclusive early access, VIP beta programs, and personal perks.",Dedicated VIP Email & Personal Concierge,0% - 5% (Focus on exclusivity rather than deep discounts)
A000023A,2024-01-10,2025-12-07,7,576.9,4.0,7,25,722,3,2,2,322,2.4000000000000004,2,-0.1034,0.491,-0.0248,False,0.957,292.16,0.732,0.268,2.59,197.74,Low,Loyal Customers,High (Nurture & Expand),Upsell higher-tier products and cross-sell accessories in related categories.,Targeted Email Newsletter & In-App Banners,10% on bundles or loyalty point multipliers
A000024Q,2024-03-01,2025-12-01,9,903.21,4.222222222222222,9,31,671,3,3,3,333,3.0,2,0.4398,0.3231,0.3055,False,1.21,362.7,0.704,0.296,3.45,320.35,Low,Champions (VIPs),High (Preserve & Delight),"Reward loyalty with exclusive early access, VIP beta programs, and personal perks.",Dedicated VIP Email & Personal Concierge,0% - 5% (Focus on exclusivity rather than deep discounts)
A000025K,2025-08-31,2025-12-31,9,1137.27,3.3333333333333335,9,1,123,5,3,3,533,3.8,2,0.7004,0.1427,-1.5736,False,1.14,1804.59,0.758,0.242,20.24,2368.47,Low,Champions (VIPs),High (Preserve & Delight),"Reward loyalty with exclusive early access, VIP beta programs, and personal perks.",Dedicated VIP Email & Personal Concierge,0% - 5% (Focus on exclusivity rather than deep discounts)
A000026X,2024-01-10,2025-03-14,13,1734.12,2.8461538461538463,13,293,722,2,4,4,244,3.2,0,-0.076,-1.9987,-0.0666,False,1.079,72.93,0.05,0.95,0.33,40.59,High,At-Risk Customers,Critical (Win Back Immediately),"Urgent win-back campaigns, personalized reactivation discounts, and satisfaction surveys.",SMS Alert + Re-engagement Email Series,20% - 25% Time-limited reactivation coupon
A000027T,2024-01-05,2025-11-19,16,2144.96,4.4375,16,43,727,3,5,5,355,4.2,3,1.4774,-0.2318,0.7193,False,0.64,495.65,0.609,0.391,4.89,607.21,Medium,Champions (VIPs),High (Preserve & Delight),"Reward loyalty with exclusive early access, VIP beta programs, and personal perks.",Dedicated VIP Email & Personal Concierge,0% - 5% (Focus on exclusivity rather than deep discounts)
A000028F,2025-10-04,2025-12-31,7,1279.8700000000001,3.7142857142857144,7,1,89,5,2,4,524,3.8,2,0.7867,0.5678,-1.2269,False,0.697,2095.76,0.757,0.243,21.74,3679.79,Low,Loyal Customers,High (Nurture & Expand),Upsell higher-tier products and cross-sell accessories in related categories.,Targeted Email Newsletter & In-App Banners,10% on bundles or loyalty point multipliers
A000029C,2025-07-11,2025-12-14,9,1264.48,4.0,9,18,174,4,3,4,434,3.7,3,0.6416,0.113,-0.0817,False,0.992,1502.75,0.612,0.388,11.55,1502.76,Medium,Champions (VIPs),High (Preserve & Delight),"Reward loyalty with exclusive early access, VIP beta programs, and personal perks.",Dedicated VIP Email & Personal Concierge,0% - 5% (Focus on exclusivity rather than deep discounts)
A000030Q,2025-09-08,2025-12-13,13,1506.66,4.230769230769231,13,19,115,4,4,4,444,4.0,3,1.15,0.0476,0.1887,False,0.461,1884.94,0.373,0.627,15.4,1652.71,Medium,Champions (VIPs),High (Preserve & Delight),"Reward loyalty with exclusive early access, VIP beta programs, and personal perks.",Dedicated VIP Email & Personal Concierge,0% - 5% (Focus on exclusivity rather than deep discounts)
A000031M,2024-01-21,2025-02-01,8,1060.68,3.0,8,334,711,1,3,3,133,2.1999999999999997,0,-0.7044,-1.4333,0.0654,False,0.632,42.3,0.141,0.859,0.58,71.12,High,At-Risk Customers,Critical (Win Back Immediately),"Urgent win-back campaigns, personalized reactivation discounts, and satisfaction surveys.",SMS Alert + Re-engagement Email Series,20% - 25% Time-limited reactivation coupon
A000032U,2024-05-13,2025-12-27,11,1380.19,4.181818181818182,11,5,598,4,4,4,444,4.0,3,1.1949,0.4461,-0.3349,False,0.772,634.7,0.755,0.245,5.07,589.06,Low,Champions (VIPs),High (Preserve & Delight),"Reward loyalty with exclusive early access, VIP beta programs, and personal perks.",Dedicated VIP Email & Personal Concierge,0% - 5% (Focus on exclusivity rather than deep discounts)
A000033K,2025-09-16,2025-12-24,19,1724.01,4.315789473684211,19,8,107,4,5,4,454,4.3,3,1.7542,0.0796,-0.0037,False,0.224,2242.0,0.571,0.429,29.77,2501.22,Medium,Champions (VIPs),High (Preserve & Delight),"Reward loyalty with exclusive early access, VIP beta programs, and personal perks.",Dedicated VIP Email & Personal Concierge,0% - 5% (Focus on exclusivity rather than deep discounts)
A000034W,2025-12-03,2025-12-03,1,179.05,5.0,1,29,29,3,1,1,311,1.8000000000000003,1,-1.5088,2.6507,0.7928,False,2.356,1240.46,0.599,0.401,7.54,1249.24,Medium,Hibernating / Casuals,Low (Low Touch),Automated low-cost liquidation campaigns or seasonal clearance alerts.,Mass Marketing / Retargeting Ads,Standard clearance promos (avoid expensive direct sales outreach)
A000035P,2024-02-25,2025-07-25,3,298.11,3.6666666666666665,3,160,676,2,1,1,211,1.4000000000000001,1,-1.6722,0.3723,0.2722,False,0.723,112.92,0.653,0.347,1.06,97.31,Medium,Hibernating / Casuals,Low (Low Touch),Automated low-cost liquidation campaigns or seasonal clearance alerts.,Mass Marketing / Retargeting Ads,Standard clearance promos (avoid expensive direct sales outreach)
A000036Y,2024-09-21,2024-09-21,1,220.34,3.0,1,467,467,1,1,1,111,1.0,1,-3.0351,-0.0054,-0.0106,False,0.885,20.8,0.599,0.401,0.47,95.47,Medium,Hibernating / Casuals,Low (Low Touch),Automated low-cost liquidation campaigns or seasonal clearance alerts.,Mass Marketing / Retargeting Ads,Standard clearance promos (avoid expensive direct sales outreach)
A000037J,2024-03-15,2025-11-20,13,1369.81,4.153846153846154,13,42,657,3,4,4,344,3.6000000000000005,3,0.8863,-0.1854,0.4044,False,0.785,421.37,0.631,0.369,4.55,444.4,Medium,Champions (VIPs),High (Preserve & Delight),"Reward loyalty with exclusive early access, VIP beta programs, and personal perks.",Dedicated VIP Email & Personal Concierge,0% - 5% (Focus on exclusivity rather than deep discounts)
A000038Q,2025-09-07,2025-12-26,12,1515.89,4.416666666666667,12,6,116,4,4,4,444,4.0,3,1.414,0.536,-0.045,False,0.61,2075.25,0.669,0.331,25.26,2954.43,Medium,Champions (VIPs),High (Preserve & Delight),"Reward loyalty with exclusive early access, VIP beta programs, and personal perks.",Dedicated VIP Email & Personal Concierge,0% - 5% (Focus on exclusivity rather than deep discounts)
A000039K,2024-02-25,2025-02-06,14,1583.66,3.142857142857143,14,329,676,1,4,4,144,2.8,0,0.0603,-1.7564,0.2545,False,0.825,58.86,0.05,0.95,0.38,39.59,High,At-Risk Customers,Critical (Win Back Immediately),"Urgent win-back campaigns, personalized reactivation discounts, and satisfaction surveys.",SMS Alert + Re-engagement Email Series,20% - 25% Time-limited reactivation coupon
A000040G,2025-07-03,2025-12-08,4,757.34,4.25,4,24,182,3,2,2,322,2.4000000000000004,2,-0.1938,0.8788,0.1756,False,1.095,1147.17,0.685,0.315,5.5,963.7,Medium,Potential Loyalists,Medium (Activate),Offer membership/loyalty program onboarding and recommend category bestsellers.,Automated Onboarding Email Drip,10% - 15% on second/third purchase
A000041N,2025-09-21,2025-12-25,13,1604.91,4.461538461538462,13,7,102,4,4,4,444,4.0,3,1.5082,0.4758,0.0569,False,0.507,2208.52,0.619,0.381,28.81,3292.84,Medium,Champions (VIPs),High (Preserve & Delight),"Reward loyalty with exclusive early access, VIP beta programs, and personal perks.",Dedicated VIP Email & Personal Concierge,0% - 5% (Focus on exclusivity rather than deep discounts)
A000042R,2025-07-17,2025-12-31,6,613.0,4.333333333333333,6,1,168,5,2,2,522,3.2,2,0.546,1.5269,-0.7024,False,0.68,1298.81,0.763,0.237,9.95,941.4,Low,Loyal Customers,High (Nurture & Expand),Upsell higher-tier products and cross-sell accessories in related categories.,Targeted Email Newsletter & In-App Banners,10% on bundles or loyalty point multipliers
A000043D,2025-09-18,2025-12-23,23,2459.01,4.826086956521739,23,9,105,4,5,5,455,4.6,3,2.3806,0.2663,0.548,False,0.928,3059.54,0.543,0.457,28.3,2801.6,Medium,Champions (VIPs),High (Preserve & Delight),"Reward loyalty with exclusive early access, VIP beta programs, and personal perks.",Dedicated VIP Email & Personal Concierge,0% - 5% (Focus on exclusivity rather than deep discounts)
A000044H,2024-07-05,2024-12-16,3,390.1,3.6666666666666665,3,381,545,1,1,1,111,1.0,1,-1.6899,0.0282,0.6193,False,0.96,33.92,0.383,0.617,0.77,92.6,Medium,Hibernating / Casuals,Low (Low Touch),Automated low-cost liquidation campaigns or seasonal clearance alerts.,Mass Marketing / Retargeting Ads,Standard clearance promos (avoid expensive direct sales outreach)
A000045N,2024-04-05,2025-09-09,8,790.69,4.125,8,114,636,2,3,2,232,2.3,0,-0.0578,0.0104,0.6891,False,1.12,209.86,0.513,0.487,2.36,215.63,Medium,Loyal Customers,High (Nurture & Expand),Upsell higher-tier products and cross-sell accessories in related categories.,Targeted Email Newsletter & In-App Banners,10% on bundles or loyalty point multipliers
A000046U,2024-01-03,2025-01-27,11,1600.1299999999999,2.5454545454545454,11,339,729,1,4,4,144,2.8,0,-0.4492,-2.1927,-0.3079,False,1.341,49.25,0.053,0.947,0.29,38.98,High,Critical Reviewers,High (Service Recovery),Proactive customer success contact to resolve friction and collect feedback.,Direct Customer Support Outreach,Apology credit / Replacement support voucher
A000047M,2024-01-08,2025-12-23,15,1683.3500000000001,4.066666666666666,15,9,724,4,5,4,454,4.3,3,1.3933,-0.0419,-0.2138,False,0.403,518.11,0.741,0.259,5.6,582.22,Low,Champions (VIPs),High (Preserve & Delight),"Reward loyalty with exclusive early access, VIP beta programs, and personal perks.",Dedicated VIP Email & Personal Concierge,0% - 5% (Focus on exclusivity rather than deep discounts)
A000048U,2025-06-14,2025-12-31,9,769.26,3.888888888888889,9,1,201,5,3,2,532,3.5,2,0.7542,0.8208,-1.0779,False,0.503,1275.78,0.762,0.238,12.46,985.72,Low,Champions (VIPs),High (Preserve & Delight),"Reward loyalty with exclusive early access, VIP beta programs, and personal perks.",Dedicated VIP Email & Personal Concierge,0% - 5% (Focus on exclusivity rather than deep discounts)
A000049K,2025-06-17,2025-11-19,8,815.9200000000001,4.125,8,43,198,3,3,2,332,2.7,2,0.1668,0.2519,0.3229,False,1.271,979.76,0.453,0.547,6.68,630.42,Medium,Champions (VIPs),High (Preserve & Delight),"Reward loyalty with exclusive early access, VIP beta programs, and personal perks.",Dedicated VIP Email & Personal Concierge,0% - 5% (Focus on exclusivity rather than deep discounts)
A000050Y,2024-01-10,2025-08-11,14,1804.7,4.428571428571429,14,143,722,2,4,5,245,3.5,3,1.0052,-0.4103,1.1458,False,1.243,215.06,0.265,0.735,1.88,224.17,High,Hibernating / Casuals,Low (Low Touch),Automated low-cost liquidation campaigns or seasonal clearance alerts.,Mass Marketing / Retargeting Ads,Standard clearance promos (avoid expensive direct sales outreach)
A000051K,2025-02-12,2025-02-12,1,231.98,5.0,1,323,323,1,1,1,111,1.0,1,-1.8566,1.909,1.7201,False,2.121,80.65,0.599,0.401,0.68,145.32,Medium,Hibernating / Casuals,Low (Low Touch),Automated low-cost liquidation campaigns or seasonal clearance alerts.,Mass Marketing / Retargeting Ads,Standard clearance promos (avoid expensive direct sales outreach)
A000052A,2024-04-07,2025-01-17,7,769.37,3.2857142857142856,7,349,634,1,2,2,122,1.6,0,-0.8612,-0.9786,0.3213,False,0.559,40.23,0.132,0.868,0.53,54.17,High,At-Risk Customers,Critical (Win Back Immediately),"Urgent win-back campaigns, personalized reactivation discounts, and satisfaction surveys.",SMS Alert + Re-engagement Email Series,20% - 25% Time-limited reactivation coupon
A000053X,2024-05-02,2024-05-02,1,163.78,4.0,1,609,609,1,1,1,111,1.0,1,-2.7412,0.9701,1.0075,False,1.003,5.36,0.599,0.401,0.36,54.41,Medium,Hibernating / Casuals,Low (Low Touch),Automated low-cost liquidation campaigns or seasonal clearance alerts.,Mass Marketing / Retargeting Ads,Standard clearance promos (avoid expensive direct sales outreach)
A000054N,2025-01-15,2025-07-08,3,330.41,3.6666666666666665,3,177,351,2,1,1,211,1.4000000000000001,1,-1.6298,0.3017,0.3168,False,0.79,218.49,0.497,0.503,1.55,158.25,Medium,Hibernating / Casuals,Low (Low Touch),Automated low-cost liquidation campaigns or seasonal clearance alerts.,Mass Marketing / Retargeting Ads,Standard clearance promos (avoid expensive direct sales outreach)
A000055J,2025-06-08,2025-12-31,8,725.35,4.0,8,1,207,5,3,2,532,3.5,2,0.687,1.0073,-0.9854,False,0.413,1237.54,0.763,0.237,10.76,903.56,Low,Champions (VIPs),High (Preserve & Delight),"Reward loyalty with exclusive early access, VIP beta programs, and personal perks.",Dedicated VIP Email & Personal Concierge,0% - 5% (Focus on exclusivity rather than deep discounts)
A000056A,2024-08-30,2025-09-19,3,115.14,2.6666666666666665,3,104,489,3,1,1,311,1.8000000000000003,1,-2.7033,-0.0284,-0.8826,False,1.252,239.61,0.666,0.334,1.49,52.99,Medium,Critical Reviewers,High (Service Recovery),Proactive customer success contact to resolve friction and collect feedback.,Direct Customer Support Outreach,Apology credit / Replacement support voucher
A000057U,2025-09-03,2025-12-10,27,3009.66,4.0,27,22,120,4,5,5,455,4.6,3,2.0189,-0.8873,0.1188,False,0.965,3397.87,0.212,0.788,11.04,1139.7,High,Champions (VIPs),High (Preserve & Delight),"Reward loyalty with exclusive early access, VIP beta programs, and personal perks.",Dedicated VIP Email & Personal Concierge,0% - 5% (Focus on exclusivity rather than deep discounts)
A000058X,2024-01-24,2025-12-18,12,1423.21,4.083333333333333,12,14,708,4,4,4,444,4.0,3,1.034,0.0544,-0.0682,False,0.606,467.27,0.733,0.267,4.53,498.01,Low,Champions (VIPs),High (Preserve & Delight),"Reward loyalty with exclusive early access, VIP beta programs, and personal perks.",Dedicated VIP Email & Personal Concierge,0% - 5% (Focus on exclusivity rather than deep discounts)
A000059Z,2025-09-18,2025-12-30,24,2870.89,4.458333333333333,24,2,105,5,5,5,555,5.0,3,2.5725,0.1583,-0.2446,False,1.054,3845.33,0.725,0.275,37.82,4189.44,Low,Champions (VIPs),High (Preserve & Delight),"Reward loyalty with exclusive early access, VIP beta programs, and personal perks.",Dedicated VIP Email & Personal Concierge,0% - 5% (Focus on exclusivity rather than deep discounts)
A000060B,2024-03-11,2025-10-23,13,1745.87,4.0,13,70,661,3,4,4,344,3.6000000000000005,3,0.8478,-0.5638,0.4674,False,0.991,405.13,0.525,0.475,3.77,468.32,Medium,Loyal Customers,High (Nurture & Expand),Upsell higher-tier products and cross-sell accessories in related categories.,Targeted Email Newsletter & In-App Banners,10% on bundles or loyalty point multipliers
A000061V,2024-01-16,2025-05-25,9,762.4,4.222222222222222,9,221,716,2,3,2,232,2.3,0,-0.0791,-0.1183,1.0375,False,1.171,80.73,0.265,0.735,1.21,95.21,High,At-Risk Customers,Critical (Win Back Immediately),"Urgent win-back campaigns, personalized reactivation discounts, and satisfaction surveys.",SMS Alert + Re-engagement Email Series,20% - 25% Time-limited reactivation coupon
A000062Z,2024-02-13,2025-11-13,14,1677.1000000000001,3.7857142857142856,14,49,688,3,4,4,344,3.6000000000000005,3,0.8422,-0.6893,0.1354,False,1.015,426.01,0.599,0.401,4.45,493.68,Medium,Champions (VIPs),High (Preserve & Delight),"Reward loyalty with exclusive early access, VIP beta programs, and personal perks.",Dedicated VIP Email & Personal Concierge,0% - 5% (Focus on exclusivity rather than deep discounts)
A000063R,2025-12-03,2025-12-03,1,88.54,1.0,1,29,29,3,1,1,311,1.8000000000000003,1,-4.0794,-0.7277,-2.986,False,3.816,1191.67,0.599,0.401,7.54,617.75,Medium,Hibernating / Casuals,Low (Low Touch),Automated low-cost liquidation campaigns or seasonal clearance alerts.,Mass Marketing / Retargeting Ads,Standard clearance promos (avoid expensive direct sales outreach)
A000064K,2024-03-02,2025-12-19,7,868.45,3.857142857142857,7,13,670,4,2,3,423,3.1,2,0.2065,0.3489,-0.371,False,0.677,408.81,0.749,0.251,2.85,327.95,Low,Loyal Customers,High (Nurture & Expand),Upsell higher-tier products and cross-sell accessories in related categories.,Targeted Email Newsletter & In-App Banners,10% on bundles or loyalty point multipliers
A000065H,2024-01-01,2025-12-24,14,1555.08,3.9285714285714284,14,8,731,4,4,4,444,4.0,3,1.2377,-0.0707,-0.3927,False,0.639,486.4,0.746,0.254,5.21,536.35,Low,Champions (VIPs),High (Preserve & Delight),"Reward loyalty with exclusive early access, VIP beta programs, and personal perks.",Dedicated VIP Email & Personal Concierge,0% - 5% (Focus on exclusivity rather than deep discounts)
A000066V,2025-08-20,2025-12-31,4,428.37,4.25,4,1,134,5,2,2,522,3.2,2,-0.0082,1.7926,-0.8263,False,0.991,1304.68,0.764,0.236,8.33,825.69,Low,Potential Loyalists,Medium (Activate),Offer membership/loyalty program onboarding and recommend category bestsellers.,Automated Onboarding Email Drip,10% - 15% on second/third purchase
A000067M,2025-09-08,2025-12-29,20,2263.78,4.0,20,3,115,5,5,5,555,5.0,3,1.9697,-0.1397,-0.5896,False,0.817,2885.75,0.702,0.298,36.61,3836.64,Low,Champions (VIPs),High (Preserve & Delight),"Reward loyalty with exclusive early access, VIP beta programs, and personal perks.",Dedicated VIP Email & Personal Concierge,0% - 5% (Focus on exclusivity rather than deep discounts)
A000068H,2024-11-18,2024-11-28,2,216.74,3.0,2,399,409,1,1,1,111,1.0,1,-2.6656,-0.1845,-0.042,False,0.818,38.25,0.411,0.589,0.73,73.56,Medium,Hibernating / Casuals,Low (Low Touch),Automated low-cost liquidation campaigns or seasonal clearance alerts.,Mass Marketing / Retargeting Ads,Standard clearance promos (avoid expensive direct sales outreach)
A000069W,2025-09-04,2025-12-16,25,2783.63,4.52,25,16,119,4,5,5,455,4.6,3,2.2493,-0.254,0.4787,False,0.773,3234.09,0.348,0.652,18.14,1869.89,High,Champions (VIPs),High (Preserve & Delight),"Reward loyalty with exclusive early access, VIP beta programs, and personal perks.",Dedicated VIP Email & Personal Concierge,0% - 5% (Focus on exclusivity rather than deep discounts)
A000070G,2024-08-20,2024-08-20,1,214.05,4.0,1,499,499,1,1,1,111,1.0,1,-2.5331,0.9088,0.9473,False,0.866,15.36,0.599,0.401,0.44,86.79,Medium,Hibernating / Casuals,Low (Low Touch),Automated low-cost liquidation campaigns or seasonal clearance alerts.,Mass Marketing / Retargeting Ads,Standard clearance promos (avoid expensive direct sales outreach)
A000071V,2024-01-28,2024-10-21,11,1361.08,3.1818181818181817,11,437,704,1,4,4,144,2.8,0,-0.264,-1.6056,0.374,False,0.589,23.61,0.05,0.95,0.29,32.67,High,At-Risk Customers,Critical (Win Back Immediately),"Urgent win-back campaigns, personalized reactivation discounts, and satisfaction surveys.",SMS Alert + Re-engagement Email Series,20% - 25% Time-limited reactivation coupon
A000072J,2024-05-18,2025-11-02,9,657.49,4.222222222222222,9,60,593,3,3,2,332,2.7,0,0.1048,0.2878,0.5337,False,1.386,318.82,0.616,0.384,3.41,230.73,Medium,Champions (VIPs),High (Preserve & Delight),"Reward loyalty with exclusive early access, VIP beta programs, and personal perks.",Dedicated VIP Email & Personal Concierge,0% - 5% (Focus on exclusivity rather than deep discounts)
A000073X,2025-09-08,2025-12-29,17,2414.73,4.705882352941177,17,3,115,5,5,5,555,5.0,3,2.2552,0.5682,0.0625,False,0.879,3114.87,0.702,0.298,36.61,4814.68,Low,Champions (VIPs),High (Preserve & Delight),"Reward loyalty with exclusive early access, VIP beta programs, and personal perks.",Dedicated VIP Email & Personal Concierge,0% - 5% (Focus on exclusivity rather than deep discounts)
A000074Z,2025-11-01,2025-11-07,2,262.03,1.5,2,55,61,3,1,1,311,1.8000000000000003,1,-2.9293,-1.1229,-2.1855,False,2.947,991.25,0.44,0.56,5.26,638.25,Medium,Critical Reviewers,High (Service Recovery),Proactive customer success contact to resolve friction and collect feedback.,Direct Customer Support Outreach,Apology credit / Replacement support voucher
A000075X,2024-02-20,2024-12-16,10,1203.45,3.7,10,381,681,1,3,3,133,2.1999999999999997,0,-0.1088,-0.9913,0.7919,False,0.506,34.55,0.05,0.95,0.27,29.86,High,At-Risk Customers,Critical (Win Back Immediately),"Urgent win-back campaigns, personalized reactivation discounts, and satisfaction surveys.",SMS Alert + Re-engagement Email Series,20% - 25% Time-limited reactivation coupon
A000076X,2024-02-01,2025-02-21,9,1041.73,3.4444444444444446,9,314,700,2,3,3,233,2.5999999999999996,0,-0.3752,-1.0598,0.4637,False,0.161,49.38,0.116,0.884,0.54,58.4,High,At-Risk Customers,Critical (Win Back Immediately),"Urgent win-back campaigns, personalized reactivation discounts, and satisfaction surveys.",SMS Alert + Re-engagement Email Series,20% - 25% Time-limited reactivation coupon
A000077E,2024-03-01,2024-12-16,10,1192.8600000000001,3.3,10,381,671,1,3,3,133,2.1999999999999997,0,-0.328,-1.3553,0.4177,False,0.349,35.2,0.05,0.95,0.27,30.04,High,At-Risk Customers,Critical (Win Back Immediately),"Urgent win-back campaigns, personalized reactivation discounts, and satisfaction surveys.",SMS Alert + Re-engagement Email Series,20% - 25% Time-limited reactivation coupon
A000078W,2025-09-05,2025-12-29,21,3059.41,4.666666666666667,21,3,118,5,5,5,555,5.0,3,2.5527,0.3181,0.0547,False,1.01,4064.5,0.702,0.298,36.61,4938.17,Low,Champions (VIPs),High (Preserve & Delight),"Reward loyalty with exclusive early access, VIP beta programs, and personal perks.",Dedicated VIP Email & Personal Concierge,0% - 5% (Focus on exclusivity rather than deep discounts)
A000079D,2024-02-13,2025-06-17,7,836.54,3.7142857142857144,7,198,688,2,2,2,222,2.0,0,-0.4598,-0.4706,0.5103,False,0.6,105.39,0.399,0.601,1.48,163.76,Medium,At-Risk Customers,Critical (Win Back Immediately),"Urgent win-back campaigns, personalized reactivation discounts, and satisfaction surveys.",SMS Alert + Re-engagement Email Series,20% - 25% Time-limited reactivation coupon
A000080W,2025-09-02,2025-12-26,28,3510.79,4.5,28,6,121,4,5,5,455,4.6,3,2.6656,-0.1977,0.1419,False,1.079,4721.63,0.626,0.374,32.63,3788.44,Medium,Champions (VIPs),High (Preserve & Delight),"Reward loyalty with exclusive early access, VIP beta programs, and personal perks.",Dedicated VIP Email & Personal Concierge,0% - 5% (Focus on exclusivity rather than deep discounts)
A000081W,2024-02-07,2025-07-24,3,309.55,4.666666666666667,3,161,694,2,1,1,211,1.4000000000000001,1,-1.1161,1.274,1.211,False,1.779,108.02,0.655,0.345,1.03,98.81,Medium,Hibernating / Casuals,Low (Low Touch),Automated low-cost liquidation campaigns or seasonal clearance alerts.,Mass Marketing / Retargeting Ads,Standard clearance promos (avoid expensive direct sales outreach)
A000082B,2024-02-14,2025-03-07,14,1628.12,2.5,14,300,687,2,4,4,244,3.2,0,-0.2462,-2.335,-0.3797,False,1.493,71.71,0.05,0.95,0.37,40.05,High,Critical Reviewers,High (Service Recovery),Proactive customer success contact to resolve friction and collect feedback.,Direct Customer Support Outreach,Apology credit / Replacement support voucher
A000083K,2024-01-25,2025-12-07,15,2104.91,3.8,15,25,707,3,5,5,355,4.2,3,1.1858,-0.6362,-0.0834,False,0.776,581.0,0.685,0.315,5.3,688.99,Medium,Champions (VIPs),High (Preserve & Delight),"Reward loyalty with exclusive early access, VIP beta programs, and personal perks.",Dedicated VIP Email & Personal Concierge,0% - 5% (Focus on exclusivity rather than deep discounts)
A000084Q,2025-09-04,2025-12-21,22,2892.18,4.363636363636363,22,11,119,4,5,5,455,4.6,3,2.1593,-0.2528,0.1925,False,0.608,3548.28,0.486,0.514,25.33,3082.89,Medium,Champions (VIPs),High (Preserve & Delight),"Reward loyalty with exclusive early access, VIP beta programs, and personal perks.",Dedicated VIP Email & Personal Concierge,0% - 5% (Focus on exclusivity rather than deep discounts)
A000085B,2024-01-26,2025-06-18,11,1463.97,3.5454545454545454,11,197,706,2,4,4,244,3.2,0,0.145,-1.0918,0.4139,False,0.463,132.67,0.222,0.778,1.26,155.4,High,At-Risk Customers,Critical (Win Back Immediately),"Urgent win-back campaigns, personalized reactivation discounts, and satisfaction surveys.",SMS Alert + Re-engagement Email Series,20% - 25% Time-limited reactivation coupon
A000086U,2024-04-15,2025-12-04,7,1033.31,4.428571428571429,7,28,626,3,2,3,323,2.7,2,0.4642,0.6067,0.4523,False,1.254,439.04,0.721,0.279,2.94,402.23,Low,Loyal Customers,High (Nurture & Expand),Upsell higher-tier products and cross-sell accessories in related categories.,Targeted Email Newsletter & In-App Banners,10% on bundles or loyalty point multipliers
A000087M,2024-01-08,2024-12-26,9,1297.33,3.0,9,371,724,1,3,4,134,2.5,0,-0.5117,-1.6064,0.1253,False,0.654,35.03,0.077,0.923,0.35,46.39,High,At-Risk Customers,Critical (Win Back Immediately),"Urgent win-back campaigns, personalized reactivation discounts, and satisfaction surveys.",SMS Alert + Re-engagement Email Series,20% - 25% Time-limited reactivation coupon
A000088Z,2024-02-14,2024-12-31,5,882.16,3.4,5,366,687,1,2,3,123,1.9,0,-0.971,-0.7831,0.4333,False,0.716,33.34,0.283,0.717,0.75,122.69,High,At-Risk Customers,Critical (Win Back Immediately),"Urgent win-back campaigns, personalized reactivation discounts, and satisfaction surveys.",SMS Alert + Re-engagement Email Series,20% - 25% Time-limited reactivation coupon
A000089E,2025-08-04,2025-12-16,2,78.89,3.5,2,16,150,4,1,1,411,2.2,1,-2.3478,1.5427,-0.8452,False,1.43,974.68,0.737,0.263,3.59,130.96,Low,Potential Loyalists,Medium (Activate),Offer membership/loyalty program onboarding and recommend category bestsellers.,Automated Onboarding Email Drip,10% - 15% on second/third purchase
A000090C,2025-09-01,2025-11-18,6,391.33,4.0,6,44,122,3,2,1,321,2.1,2,-0.5755,0.5864,0.1524,False,1.345,969.99,0.37,0.63,6.65,401.37,Medium,Loyal Customers,High (Nurture & Expand),Upsell higher-tier products and cross-sell accessories in related categories.,Targeted Email Newsletter & In-App Banners,10% on bundles or loyalty point multipliers
A000091K,2025-09-15,2025-12-26,23,3093.23,4.695652173913044,23,6,108,4,5,5,455,4.6,3,2.5298,0.1427,0.3033,False,0.957,4110.07,0.626,0.374,32.63,4063.48,Medium,Champions (VIPs),High (Preserve & Delight),"Reward loyalty with exclusive early access, VIP beta programs, and personal perks.",Dedicated VIP Email & Personal Concierge,0% - 5% (Focus on exclusivity rather than deep discounts)
A000092L,2024-03-06,2025-02-10,12,1912.45,3.4166666666666665,12,325,666,1,4,5,145,3.1,0,0.2042,-1.5019,0.5065,False,0.723,72.16,0.05,0.95,0.33,48.52,High,At-Risk Customers,Critical (Win Back Immediately),"Urgent win-back campaigns, personalized reactivation discounts, and satisfaction surveys.",SMS Alert + Re-engagement Email Series,20% - 25% Time-limited reactivation coupon
A000093Z,2024-02-06,2025-02-16,10,1062.34,3.5,10,319,695,1,3,3,133,2.1999999999999997,0,-0.2553,-1.0748,0.5298,False,0.217,48.53,0.078,0.922,0.41,40.22,High,At-Risk Customers,Critical (Win Back Immediately),"Urgent win-back campaigns, personalized reactivation discounts, and satisfaction surveys.",SMS Alert + Re-engagement Email Series,20% - 25% Time-limited reactivation coupon
A000094P,2025-06-18,2025-12-31,9,1016.1600000000001,3.3333333333333335,9,1,197,5,3,3,533,3.8,2,0.6304,0.1909,-1.5803,False,1.096,1436.82,0.762,0.238,12.71,1328.3,Low,Champions (VIPs),High (Preserve & Delight),"Reward loyalty with exclusive early access, VIP beta programs, and personal perks.",Dedicated VIP Email & Personal Concierge,0% - 5% (Focus on exclusivity rather than deep discounts)
A000095F,2024-01-06,2025-02-12,9,1001.99,2.7777777777777777,9,323,726,1,3,3,133,2.1999999999999997,0,-0.7614,-1.6635,-0.1507,False,0.922,42.84,0.119,0.881,0.54,55.44,High,Critical Reviewers,High (Service Recovery),Proactive customer success contact to resolve friction and collect feedback.,Direct Customer Support Outreach,Apology credit / Replacement support voucher
A000096G,2025-08-02,2025-12-31,4,590.69,4.25,4,1,152,5,2,2,522,3.2,2,0.1912,1.6552,-0.8071,False,0.799,1343.86,0.765,0.235,7.35,1004.41,Low,Potential Loyalists,Medium (Activate),Offer membership/loyalty program onboarding and recommend category bestsellers.,Automated Onboarding Email Drip,10% - 15% on second/third purchase
A000097E,2025-07-05,2025-12-31,7,977.69,3.5714285714285716,7,1,180,5,2,3,523,3.5,2,0.5431,0.5517,-1.3765,False,0.713,1479.53,0.763,0.237,10.83,1400.52,Low,Loyal Customers,High (Nurture & Expand),Upsell higher-tier products and cross-sell accessories in related categories.,Targeted Email Newsletter & In-App Banners,10% on bundles or loyalty point multipliers
A000098T,2025-07-27,2025-12-31,5,608.18,3.6,5,1,158,5,2,2,522,3.2,2,0.0178,0.9427,-1.3993,False,0.722,1331.12,0.764,0.236,8.82,993.88,Low,Loyal Customers,High (Nurture & Expand),Upsell higher-tier products and cross-sell accessories in related categories.,Targeted Email Newsletter & In-App Banners,10% on bundles or loyalty point multipliers
A000099M,2025-09-03,2025-12-26,27,3336.4,4.518518518518518,27,6,120,4,5,5,455,4.6,3,2.6139,-0.1391,0.1536,False,1.019,4394.5,0.626,0.374,32.63,3733.6,Medium,Champions (VIPs),High (Preserve & Delight),"Reward loyalty with exclusive early access, VIP beta programs, and personal perks.",Dedicated VIP Email & Personal Concierge,0% - 5% (Focus on exclusivity rather than deep discounts)
A000100S,2025-09-02,2025-12-26,20,2408.28,4.4,20,6,121,4,5,5,455,4.6,3,2.1023,0.0531,0.0023,False,0.521,2970.28,0.626,0.374,32.63,3638.24,Medium,Champions (VIPs),High (Preserve & Delight),"Reward loyalty with exclusive early access, VIP beta programs, and personal perks.",Dedicated VIP Email & Personal Concierge,0% - 5% (Focus on exclusivity rather than deep discounts)
A000101S,2025-09-02,2025-12-20,24,2672.13,4.458333333333333,24,12,121,4,5,5,455,4.6,3,2.2147,-0.1999,0.313,False,0.665,3160.9,0.457,0.543,23.84,2457.93,Medium,Champions (VIPs),High (Preserve & Delight),"Reward loyalty with exclusive early access, VIP beta programs, and personal perks.",Dedicated VIP Email & Personal Concierge,0% - 5% (Focus on exclusivity rather than deep discounts)
A000102J,2024-03-28,2025-02-24,5,680.01,3.2,5,311,644,2,2,2,222,2.0,0,-1.2048,-0.8125,0.1687,False,0.938,49.63,0.325,0.675,0.92,115.92,High,At-Risk Customers,Critical (Win Back Immediately),"Urgent win-back campaigns, personalized reactivation discounts, and satisfaction surveys.",SMS Alert + Re-engagement Email Series,20% - 25% Time-limited reactivation coupon
A000103F,2024-04-26,2025-12-01,8,806.79,4.0,8,31,615,3,3,2,332,2.7,2,0.1611,0.2262,0.0834,False,1.089,397.75,0.706,0.294,3.35,313.14,Low,Champions (VIPs),High (Preserve & Delight),"Reward loyalty with exclusive early access, VIP beta programs, and personal perks.",Dedicated VIP Email & Personal Concierge,0% - 5% (Focus on exclusivity rather than deep discounts)
A000104J,2025-08-17,2025-12-31,7,1029.52,3.7142857142857144,7,1,137,5,2,3,523,3.5,2,0.6515,0.6609,-1.2399,False,0.594,1675.19,0.761,0.239,14.2,1933.16,Low,Loyal Customers,High (Nurture & Expand),Upsell higher-tier products and cross-sell accessories in related categories.,Targeted Email Newsletter & In-App Banners,10% on bundles or loyalty point multipliers
A000105R,2024-02-08,2024-10-04,3,311.11,3.3333333333333335,3,454,693,1,1,1,111,1.0,1,-2.0456,-0.228,0.3614,False,0.857,13.85,0.408,0.592,0.64,61.9,Medium,Hibernating / Casuals,Low (Low Touch),Automated low-cost liquidation campaigns or seasonal clearance alerts.,Mass Marketing / Retargeting Ads,Standard clearance promos (avoid expensive direct sales outreach)
A000106K,2024-01-30,2025-12-02,14,2123.12,3.5,14,30,702,3,4,5,345,3.9000000000000004,3,0.9383,-0.9262,-0.3005,False,1.205,574.01,0.673,0.327,4.9,687.8,Medium,Champions (VIPs),High (Preserve & Delight),"Reward loyalty with exclusive early access, VIP beta programs, and personal perks.",Dedicated VIP Email & Personal Concierge,0% - 5% (Focus on exclusivity rather than deep discounts)
A000107Z,2025-09-19,2025-12-31,4,728.97,2.75,4,1,104,5,2,2,522,3.2,2,-0.4792,0.1861,-2.1959,False,1.795,1599.76,0.763,0.237,10.71,1807.48,Low,Critical Reviewers,High (Service Recovery),Proactive customer success contact to resolve friction and collect feedback.,Direct Customer Support Outreach,Apology credit / Replacement support voucher
A000108L,2024-01-17,2024-11-08,8,1077.64,3.625,8,419,715,1,3,3,133,2.1999999999999997,0,-0.4091,-0.9254,0.7369,False,0.435,23.24,0.072,0.928,0.3,36.88,High,At-Risk Customers,Critical (Win Back Immediately),"Urgent win-back campaigns, personalized reactivation discounts, and satisfaction surveys.",SMS Alert + Re-engagement Email Series,20% - 25% Time-limited reactivation coupon
A000109D,2024-03-29,2025-10-15,11,926.38,4.0,11,78,643,3,4,3,343,3.3000000000000003,0,0.2996,-0.2342,0.459,False,0.999,279.62,0.533,0.467,3.33,259.56,Medium,Loyal Customers,High (Nurture & Expand),Upsell higher-tier products and cross-sell accessories in related categories.,Targeted Email Newsletter & In-App Banners,10% on bundles or loyalty point multipliers
A000110Q,2025-09-03,2025-12-27,16,1892.83,4.6875,16,5,120,4,5,5,455,4.6,3,1.9586,0.5802,0.1819,False,0.697,2416.1,0.661,0.339,32.16,3522.42,Medium,Champions (VIPs),High (Preserve & Delight),"Reward loyalty with exclusive early access, VIP beta programs, and personal perks.",Dedicated VIP Email & Personal Concierge,0% - 5% (Focus on exclusivity rather than deep discounts)
A000111C,2024-04-23,2025-10-26,12,1190.41,4.083333333333333,12,67,618,3,4,3,343,3.3000000000000003,3,0.6003,-0.2701,0.5003,False,1.098,359.03,0.54,0.46,3.83,351.36,Medium,Loyal Customers,High (Nurture & Expand),Upsell higher-tier products and cross-sell accessories in related categories.,Targeted Email Newsletter & In-App Banners,10% on bundles or loyalty point multipliers
A000112E,2024-03-05,2025-11-25,10,923.37,3.5,10,37,667,3,3,3,333,3.0,0,0.1125,-0.4495,-0.2951,False,0.94,353.06,0.681,0.319,3.72,318.4,Medium,Champions (VIPs),High (Preserve & Delight),"Reward loyalty with exclusive early access, VIP beta programs, and personal perks.",Dedicated VIP Email & Personal Concierge,0% - 5% (Focus on exclusivity rather than deep discounts)
A000113H,2024-04-21,2024-04-21,1,214.23,5.0,1,620,620,1,1,1,111,1.0,1,-2.0448,1.7704,1.9646,False,2.19,4.94,0.599,0.401,0.35,69.91,Medium,Hibernating / Casuals,Low (Low Touch),Automated low-cost liquidation campaigns or seasonal clearance alerts.,Mass Marketing / Retargeting Ads,Standard clearance promos (avoid expensive direct sales outreach)
A000114X,2024-01-24,2024-07-28,3,198.68,4.0,3,522,708,1,1,1,111,1.0,1,-1.9971,0.5393,1.0108,False,0.911,7.89,0.361,0.639,0.56,34.27,Medium,Hibernating / Casuals,Low (Low Touch),Automated low-cost liquidation campaigns or seasonal clearance alerts.,Mass Marketing / Retargeting Ads,Standard clearance promos (avoid expensive direct sales outreach)
A000115Z,2024-03-08,2025-02-14,13,1583.73,2.6923076923076925,13,321,664,1,4,4,144,2.8,0,-0.2339,-2.1254,-0.1809,False,1.218,64.25,0.05,0.95,0.36,40.3,High,Critical Reviewers,High (Service Recovery),Proactive customer success contact to resolve friction and collect feedback.,Direct Customer Support Outreach,Apology credit / Replacement support voucher
A000116X,2024-04-29,2024-06-28,3,318.46000000000004,4.333333333333333,3,552,612,1,1,1,111,1.0,1,-1.5387,0.6297,1.3718,False,1.456,8.45,0.276,0.724,0.49,48.53,High,Hibernating / Casuals,Low (Low Touch),Automated low-cost liquidation campaigns or seasonal clearance alerts.,Mass Marketing / Retargeting Ads,Standard clearance promos (avoid expensive direct sales outreach)
A000117N,2024-02-05,2024-07-07,3,329.17,4.666666666666667,3,543,696,1,1,1,111,1.0,1,-1.3367,0.9264,1.6789,False,1.86,7.42,0.338,0.662,0.53,54.02,High,Hibernating / Casuals,Low (Low Touch),Automated low-cost liquidation campaigns or seasonal clearance alerts.,Mass Marketing / Retargeting Ads,Standard clearance promos (avoid expensive direct sales outreach)
A000118T,2024-01-26,2025-12-23,9,1363.56,4.666666666666667,9,9,706,4,3,4,434,3.7,3,1.1815,0.864,0.2997,False,0.991,478.07,0.752,0.248,3.5,490.73,Low,Champions (VIPs),High (Preserve & Delight),"Reward loyalty with exclusive early access, VIP beta programs, and personal perks.",Dedicated VIP Email & Personal Concierge,0% - 5% (Focus on exclusivity rather than deep discounts)
A000119M,2025-05-05,2025-05-05,1,77.59,4.0,1,241,241,2,1,1,211,1.4000000000000001,1,-3.0043,1.5326,0.6089,False,1.251,162.48,0.599,0.401,0.91,65.14,Medium,Hibernating / Casuals,Low (Low Touch),Automated low-cost liquidation campaigns or seasonal clearance alerts.,Mass Marketing / Retargeting Ads,Standard clearance promos (avoid expensive direct sales outreach)
A000120C,2025-11-05,2025-12-31,8,1071.21,3.75,8,1,57,5,3,3,533,3.8,2,0.7958,0.6106,-1.1956,False,0.664,2053.58,0.748,0.252,38.32,4750.54,Low,Champions (VIPs),High (Preserve & Delight),"Reward loyalty with exclusive early access, VIP beta programs, and personal perks.",Dedicated VIP Email & Personal Concierge,0% - 5% (Focus on exclusivity rather than deep discounts)
A000121N,2024-01-13,2025-03-13,3,585.02,3.3333333333333335,3,294,719,2,1,2,212,1.7000000000000002,1,-1.5612,-0.383,0.2331,False,1.231,45.23,0.554,0.446,0.84,152.46,Medium,Hibernating / Casuals,Low (Low Touch),Automated low-cost liquidation campaigns or seasonal clearance alerts.,Mass Marketing / Retargeting Ads,Standard clearance promos (avoid expensive direct sales outreach)
A000122A,2024-08-08,2024-08-08,1,147.86,5.0,1,511,511,1,1,1,111,1.0,1,-2.233,1.9796,1.8686,False,2.221,13.33,0.599,0.401,0.43,58.55,Medium,Hibernating / Casuals,Low (Low Touch),Automated low-cost liquidation campaigns or seasonal clearance alerts.,Mass Marketing / Retargeting Ads,Standard clearance promos (avoid expensive direct sales outreach)
A000123J,2024-02-13,2025-08-27,13,1196.78,3.8461538461538463,13,127,688,2,4,3,243,2.9,0,0.4051,-0.6999,0.5268,False,0.803,199.73,0.327,0.673,2.26,192.5,High,Hibernating / Casuals,Low (Low Touch),Automated low-cost liquidation campaigns or seasonal clearance alerts.,Mass Marketing / Retargeting Ads,Standard clearance promos (avoid expensive direct sales outreach)
A000124T,2025-09-10,2025-12-22,12,1156.34,4.583333333333333,12,10,113,4,4,3,443,3.6999999999999997,3,1.2382,0.6853,0.2677,False,0.803,1732.65,0.587,0.413,22.74,2029.13,Medium,Champions (VIPs),High (Preserve & Delight),"Reward loyalty with exclusive early access, VIP beta programs, and personal perks.",Dedicated VIP Email & Personal Concierge,0% - 5% (Focus on exclusivity rather than deep discounts)
A000125D,2024-11-19,2025-12-15,9,1078.11,4.111111111111111,9,17,408,4,3,3,433,3.4,2,0.6134,0.2978,-0.0082,False,0.987,803.18,0.711,0.289,5.72,634.91,Low,Champions (VIPs),High (Preserve & Delight),"Reward loyalty with exclusive early access, VIP beta programs, and personal perks.",Dedicated VIP Email & Personal Concierge,0% - 5% (Focus on exclusivity rather than deep discounts)
A000126Q,2025-09-08,2025-12-26,4,500.13,4.25,4,6,115,4,2,2,422,2.8000000000000003,2,-0.1796,1.394,-0.3371,False,0.865,1359.88,0.738,0.262,9.36,1083.98,Low,Potential Loyalists,Medium (Activate),Offer membership/loyalty program onboarding and recommend category bestsellers.,Automated Onboarding Email Drip,10% - 15% on second/third purchase
A000127M,2024-03-19,2025-06-28,3,376.49,3.6666666666666665,3,187,653,2,1,1,211,1.4000000000000001,1,-1.5605,0.2315,0.3455,False,0.882,102.1,0.625,0.375,1.05,121.87,Medium,Hibernating / Casuals,Low (Low Touch),Automated low-cost liquidation campaigns or seasonal clearance alerts.,Mass Marketing / Retargeting Ads,Standard clearance promos (avoid expensive direct sales outreach)
A000128X,2025-05-06,2025-05-06,1,86.14,5.0,1,240,240,2,1,1,211,1.4000000000000001,1,-2.4051,2.4089,1.5477,False,2.313,164.63,0.599,0.401,0.91,72.62,Medium,Hibernating / Casuals,Low (Low Touch),Automated low-cost liquidation campaigns or seasonal clearance alerts.,Mass Marketing / Retargeting Ads,Standard clearance promos (avoid expensive direct sales outreach)
A000129Z,2025-09-05,2025-12-20,23,3154.0299999999997,4.086956521739131,23,12,118,4,5,5,455,4.6,3,2.0847,-0.5895,-0.027,False,0.765,3953.98,0.457,0.543,23.84,3027.33,Medium,Champions (VIPs),High (Preserve & Delight),"Reward loyalty with exclusive early access, VIP beta programs, and personal perks.",Dedicated VIP Email & Personal Concierge,0% - 5% (Focus on exclusivity rather than deep discounts)
A000130X,2025-06-27,2025-12-28,5,488.3,3.8,5,4,188,5,2,2,522,3.2,2,-0.2073,0.9774,-0.8745,False,0.588,1151.63,0.753,0.247,7.31,661.02,Low,Loyal Customers,High (Nurture & Expand),Upsell higher-tier products and cross-sell accessories in related categories.,Targeted Email Newsletter & In-App Banners,10% on bundles or loyalty point multipliers
A000131J,2025-07-30,2025-12-24,4,522.53,4.5,4,8,155,4,2,2,422,2.8000000000000003,2,-0.0726,1.5384,-0.0046,False,1.1,1232.59,0.738,0.262,6.95,840.66,Low,Potential Loyalists,Medium (Activate),Offer membership/loyalty program onboarding and recommend category bestsellers.,Automated Onboarding Email Drip,10% - 15% on second/third purchase
A000132U,2024-03-12,2025-12-31,16,1644.67,4.1875,16,1,660,5,5,4,554,4.7,3,1.8388,0.4721,-0.7146,False,1.004,624.36,0.765,0.235,6.77,644.31,Low,Champions (VIPs),High (Preserve & Delight),"Reward loyalty with exclusive early access, VIP beta programs, and personal perks.",Dedicated VIP Email & Personal Concierge,0% - 5% (Focus on exclusivity rather than deep discounts)
A000133N,2025-09-05,2025-12-23,27,3096.85,4.703703703703703,27,9,118,4,5,5,455,4.6,3,2.5903,-0.0316,0.4588,False,1.042,3887.62,0.543,0.457,28.3,3005.59,Medium,Champions (VIPs),High (Preserve & Delight),"Reward loyalty with exclusive early access, VIP beta programs, and personal perks.",Dedicated VIP Email & Personal Concierge,0% - 5% (Focus on exclusivity rather than deep discounts)
A000134W,2024-09-07,2025-10-02,7,1101.0,4.142857142857143,7,91,481,3,2,3,323,2.7,0,0.1045,0.0105,0.6315,False,1.15,408.94,0.535,0.465,2.84,413.93,Medium,Loyal Customers,High (Nurture & Expand),Upsell higher-tier products and cross-sell accessories in related categories.,Targeted Email Newsletter & In-App Banners,10% on bundles or loyalty point multipliers
A000135M,2024-03-08,2025-08-29,2,71.45,3.5,2,125,664,2,1,1,211,1.4000000000000001,1,-2.8363,1.0531,-0.0835,False,0.739,134.74,0.711,0.289,0.78,25.85,Low,Hibernating / Casuals,Low (Low Touch),Automated low-cost liquidation campaigns or seasonal clearance alerts.,Mass Marketing / Retargeting Ads,Standard clearance promos (avoid expensive direct sales outreach)
A000136D,2024-01-21,2025-11-14,9,1191.62,4.555555555555555,9,48,711,3,3,3,333,3.0,3,0.6991,0.3979,0.7968,False,1.197,332.92,0.671,0.329,3.1,380.22,Medium,Champions (VIPs),High (Preserve & Delight),"Reward loyalty with exclusive early access, VIP beta programs, and personal perks.",Dedicated VIP Email & Personal Concierge,0% - 5% (Focus on exclusivity rather than deep discounts)
A000137X,2025-07-14,2025-12-31,6,699.3199999999999,3.6666666666666665,6,1,171,5,2,2,522,3.2,2,0.2718,0.8576,-1.3174,False,0.557,1339.98,0.763,0.237,9.78,1055.25,Low,Loyal Customers,High (Nurture & Expand),Upsell higher-tier products and cross-sell accessories in related categories.,Targeted Email Newsletter & In-App Banners,10% on bundles or loyalty point multipliers
A000138H,2024-04-05,2024-11-17,8,1357.96,3.25,8,410,636,1,3,4,134,2.5,0,-0.461,-1.3634,0.3921,False,0.384,33.77,0.051,0.949,0.23,36.72,High,At-Risk Customers,Critical (Win Back Immediately),"Urgent win-back campaigns, personalized reactivation discounts, and satisfaction surveys.",SMS Alert + Re-engagement Email Series,20% - 25% Time-limited reactivation coupon
A000139R,2024-01-29,2025-12-02,14,2101.79,3.857142857142857,14,30,703,3,4,5,345,3.9000000000000004,3,1.1227,-0.5935,0.0325,False,0.756,567.27,0.673,0.327,4.89,680.07,Medium,Champions (VIPs),High (Preserve & Delight),"Reward loyalty with exclusive early access, VIP beta programs, and personal perks.",Dedicated VIP Email & Personal Concierge,0% - 5% (Focus on exclusivity rather than deep discounts)
A000140A,2024-01-30,2024-01-30,1,191.09,5.0,1,702,702,1,1,1,111,1.0,1,-2.1421,1.7862,2.0053,False,2.22,2.27,0.599,0.401,0.31,55.08,Medium,Hibernating / Casuals,Low (Low Touch),Automated low-cost liquidation campaigns or seasonal clearance alerts.,Mass Marketing / Retargeting Ads,Standard clearance promos (avoid expensive direct sales outreach)
A000141V,2024-02-13,2025-11-05,2,382.77,1.5,2,57,688,3,1,1,311,1.8000000000000003,1,-2.7018,-1.2941,-2.1494,False,2.986,235.66,0.744,0.256,0.79,139.91,Low,Critical Reviewers,High (Service Recovery),Proactive customer success contact to resolve friction and collect feedback.,Direct Customer Support Outreach,Apology credit / Replacement support voucher
A000142T,2024-02-26,2025-08-17,7,728.14,4.428571428571429,7,137,675,2,2,2,222,2.0,0,-0.0864,0.3426,1.0291,False,1.549,158.94,0.516,0.484,1.95,188.06,Medium,Hibernating / Casuals,Low (Low Touch),Automated low-cost liquidation campaigns or seasonal clearance alerts.,Mass Marketing / Retargeting Ads,Standard clearance promos (avoid expensive direct sales outreach)
A000143L,2025-10-04,2025-12-31,4,371.11,3.75,4,1,89,5,2,1,521,2.9,2,-0.3643,1.3942,-1.302,False,1.04,1414.13,0.762,0.238,12.5,1073.93,Low,Potential Loyalists,Medium (Activate),Offer membership/loyalty program onboarding and recommend category bestsellers.,Automated Onboarding Email Drip,10% - 15% on second/third purchase
A000144V,2024-05-28,2025-12-18,11,1330.98,4.090909090909091,11,14,583,4,4,4,444,4.0,3,0.9281,0.135,-0.0709,False,0.72,603.92,0.729,0.271,5.02,562.34,Low,Champions (VIPs),High (Preserve & Delight),"Reward loyalty with exclusive early access, VIP beta programs, and personal perks.",Dedicated VIP Email & Personal Concierge,0% - 5% (Focus on exclusivity rather than deep discounts)
A000145H,2024-06-13,2025-10-21,8,1024.77,4.25,8,72,567,3,3,3,333,3.0,0,0.2671,0.135,0.6473,False,1.328,367.81,0.596,0.404,3.07,363.82,Medium,Loyal Customers,High (Nurture & Expand),Upsell higher-tier products and cross-sell accessories in related categories.,Targeted Email Newsletter & In-App Banners,10% on bundles or loyalty point multipliers
A000146W,2025-09-04,2025-12-24,22,2927.41,4.2272727272727275,22,8,119,4,5,5,455,4.6,3,2.1554,-0.3071,-0.0444,False,0.648,3680.86,0.571,0.429,29.77,3667.98,Medium,Champions (VIPs),High (Preserve & Delight),"Reward loyalty with exclusive early access, VIP beta programs, and personal perks.",Dedicated VIP Email & Personal Concierge,0% - 5% (Focus on exclusivity rather than deep discounts)
A000147C,2024-01-26,2024-11-03,7,907.61,3.0,7,424,706,1,2,3,123,1.9,0,-0.9526,-1.3635,0.1386,False,0.758,21.32,0.103,0.897,0.37,44.8,High,At-Risk Customers,Critical (Win Back Immediately),"Urgent win-back campaigns, personalized reactivation discounts, and satisfaction surveys.",SMS Alert + Re-engagement Email Series,20% - 25% Time-limited reactivation coupon
A000148W,2025-08-18,2025-12-31,6,660.11,3.3333333333333335,6,1,136,5,2,2,522,3.2,2,0.0579,0.5759,-1.6322,False,0.964,1430.0,0.762,0.238,12.27,1250.28,Low,Loyal Customers,High (Nurture & Expand),Upsell higher-tier products and cross-sell accessories in related categories.,Targeted Email Newsletter & In-App Banners,10% on bundles or loyalty point multipliers
A000149Q,2025-09-12,2025-12-30,26,3269.7200000000003,4.461538461538462,26,2,111,5,5,5,555,5.0,3,2.7208,0.0623,-0.2282,False,1.177,4496.18,0.725,0.275,37.82,4404.42,Low,Champions (VIPs),High (Preserve & Delight),"Reward loyalty with exclusive early access, VIP beta programs, and personal perks.",Dedicated VIP Email & Personal Concierge,0% - 5% (Focus on exclusivity rather than deep discounts)
A000150Y,2024-02-25,2025-12-27,9,1015.88,4.222222222222222,9,5,676,4,3,3,433,3.4,2,0.8703,0.7168,-0.3289,False,0.69,452.29,0.759,0.241,3.69,385.44,Low,Champions (VIPs),High (Preserve & Delight),"Reward loyalty with exclusive early access, VIP beta programs, and personal perks.",Dedicated VIP Email & Personal Concierge,0% - 5% (Focus on exclusivity rather than deep discounts)
A000151K,2024-01-05,2025-11-10,3,404.76,3.3333333333333335,3,52,727,3,1,1,311,1.8000000000000003,1,-1.4233,0.2299,-0.4467,False,1.176,224.14,0.737,0.263,1.11,138.6,Low,Potential Loyalists,Medium (Activate),Offer membership/loyalty program onboarding and recommend category bestsellers.,Automated Onboarding Email Drip,10% - 15% on second/third purchase
A000152W,2024-01-27,2025-12-25,10,1547.6299999999999,4.0,10,7,705,4,3,4,434,3.7,3,1.0332,0.2025,-0.3941,False,0.804,525.63,0.754,0.246,3.9,559.46,Low,Champions (VIPs),High (Preserve & Delight),"Reward loyalty with exclusive early access, VIP beta programs, and personal perks.",Dedicated VIP Email & Personal Concierge,0% - 5% (Focus on exclusivity rather than deep discounts)
A000153P,2025-09-09,2025-12-28,13,1767.72,4.538461538461538,13,4,114,5,4,5,545,4.7,3,1.7097,0.6298,-0.0455,False,0.678,2356.83,0.697,0.303,29.03,3654.92,Medium,Champions (VIPs),High (Preserve & Delight),"Reward loyalty with exclusive early access, VIP beta programs, and personal perks.",Dedicated VIP Email & Personal Concierge,0% - 5% (Focus on exclusivity rather than deep discounts)
A000154D,2025-07-18,2025-12-23,7,784.36,4.0,7,9,167,4,2,2,422,2.8000000000000003,2,0.2914,0.613,-0.3726,False,0.479,1323.71,0.711,0.289,10.87,1127.93,Low,Loyal Customers,High (Nurture & Expand),Upsell higher-tier products and cross-sell accessories in related categories.,Targeted Email Newsletter & In-App Banners,10% on bundles or loyalty point multipliers
A000155E,2025-12-01,2025-12-01,1,65.22,1.0,1,31,31,3,1,1,311,1.8000000000000003,1,-4.2809,-0.6155,-2.9794,False,3.87,1157.51,0.599,0.401,7.05,425.69,Medium,Hibernating / Casuals,Low (Low Touch),Automated low-cost liquidation campaigns or seasonal clearance alerts.,Mass Marketing / Retargeting Ads,Standard clearance promos (avoid expensive direct sales outreach)
A000156B,2024-01-17,2025-12-22,15,1920.92,3.533333333333333,15,10,715,4,5,5,455,4.6,3,1.1702,-0.6141,-0.6677,False,1.086,583.87,0.737,0.263,5.65,669.48,Low,Champions (VIPs),High (Preserve & Delight),"Reward loyalty with exclusive early access, VIP beta programs, and personal perks.",Dedicated VIP Email & Personal Concierge,0% - 5% (Focus on exclusivity rather than deep discounts)
A000157B,2024-06-04,2024-12-01,5,732.54,3.6,5,396,576,1,2,2,122,1.6,0,-0.9964,-0.5405,0.6392,False,0.899,32.83,0.175,0.825,0.55,75.25,High,At-Risk Customers,Critical (Win Back Immediately),"Urgent win-back campaigns, personalized reactivation discounts, and satisfaction surveys.",SMS Alert + Re-engagement Email Series,20% - 25% Time-limited reactivation coupon
A000158K,2024-03-10,2025-02-21,11,1305.08,3.090909090909091,11,314,662,2,4,4,244,3.2,0,-0.2683,-1.5837,0.1602,False,0.589,60.3,0.05,0.95,0.3,33.31,High,At-Risk Customers,Critical (Win Back Immediately),"Urgent win-back campaigns, personalized reactivation discounts, and satisfaction surveys.",SMS Alert + Re-engagement Email Series,20% - 25% Time-limited reactivation coupon
A000159R,2024-01-09,2025-12-31,11,1136.19,4.090909090909091,11,1,723,5,4,3,543,4.1,2,1.26,0.7373,-0.8525,False,0.913,436.5,0.766,0.234,4.26,407.01,Low,Champions (VIPs),High (Preserve & Delight),"Reward loyalty with exclusive early access, VIP beta programs, and personal perks.",Dedicated VIP Email & Personal Concierge,0% - 5% (Focus on exclusivity rather than deep discounts)
A000160D,2024-03-23,2025-03-12,10,1277.78,4.0,10,295,649,2,3,4,234,2.9,0,0.1431,-0.6734,0.9781,False,0.863,70.42,0.08,0.92,0.45,53.53,High,At-Risk Customers,Critical (Win Back Immediately),"Urgent win-back campaigns, personalized reactivation discounts, and satisfaction surveys.",SMS Alert + Re-engagement Email Series,20% - 25% Time-limited reactivation coupon
A000161D,2024-01-19,2025-12-08,11,1273.1100000000001,4.454545454545454,11,24,713,3,4,4,344,3.6000000000000005,3,0.9856,0.3528,0.4619,False,0.792,404.05,0.712,0.288,4.01,429.5,Low,Champions (VIPs),High (Preserve & Delight),"Reward loyalty with exclusive early access, VIP beta programs, and personal perks.",Dedicated VIP Email & Personal Concierge,0% - 5% (Focus on exclusivity rather than deep discounts)
A000162H,2024-02-22,2025-03-12,10,991.02,3.8,10,295,679,2,3,3,233,2.5999999999999996,0,-0.1217,-0.7485,0.776,False,0.557,57.79,0.093,0.907,0.5,45.95,High,At-Risk Customers,Critical (Win Back Immediately),"Urgent win-back campaigns, personalized reactivation discounts, and satisfaction surveys.",SMS Alert + Re-engagement Email Series,20% - 25% Time-limited reactivation coupon
A000163T,2024-01-04,2025-01-01,9,1144.48,3.111111111111111,9,365,728,1,3,3,133,2.1999999999999997,0,-0.5268,-1.4463,0.2154,False,0.494,33.82,0.082,0.918,0.37,43.79,High,At-Risk Customers,Critical (Win Back Immediately),"Urgent win-back campaigns, personalized reactivation discounts, and satisfaction surveys.",SMS Alert + Re-engagement Email Series,20% - 25% Time-limited reactivation coupon
A000164E,2025-07-25,2025-12-31,9,1304.0900000000001,3.888888888888889,9,1,160,5,3,4,534,4.1,2,1.0821,0.5949,-1.0463,False,0.822,1781.02,0.76,0.24,15.61,2094.65,Low,Champions (VIPs),High (Preserve & Delight),"Reward loyalty with exclusive early access, VIP beta programs, and personal perks.",Dedicated VIP Email & Personal Concierge,0% - 5% (Focus on exclusivity rather than deep discounts)
A000165N,2025-09-03,2025-12-25,25,3884.75,4.6,25,7,120,4,5,5,455,4.6,3,2.6602,-0.1232,0.2846,False,1.074,5599.94,0.599,0.401,31.22,4491.53,Medium,Champions (VIPs),High (Preserve & Delight),"Reward loyalty with exclusive early access, VIP beta programs, and personal perks.",Dedicated VIP Email & Personal Concierge,0% - 5% (Focus on exclusivity rather than deep discounts)
A000166Q,2024-12-01,2025-08-09,3,409.88,2.6666666666666665,3,145,396,2,1,1,211,1.4000000000000001,1,-1.9879,-0.6572,-0.6805,False,1.526,254.86,0.58,0.42,1.6,202.76,Medium,Critical Reviewers,High (Service Recovery),Proactive customer success contact to resolve friction and collect feedback.,Direct Customer Support Outreach,Apology credit / Replacement support voucher
A000167M,2024-03-04,2025-12-29,12,1408.6,4.25,12,3,668,5,4,4,544,4.4,3,1.3989,0.5627,-0.4195,False,0.824,551.05,0.761,0.239,4.99,542.17,Low,Champions (VIPs),High (Preserve & Delight),"Reward loyalty with exclusive early access, VIP beta programs, and personal perks.",Dedicated VIP Email & Personal Concierge,0% - 5% (Focus on exclusivity rather than deep discounts)
A000168X,2024-01-29,2025-12-12,8,788.04,4.125,8,20,703,4,3,2,432,3.1,2,0.3032,0.463,0.0374,False,0.907,346.4,0.735,0.265,3.05,278.29,Low,Champions (VIPs),High (Preserve & Delight),"Reward loyalty with exclusive early access, VIP beta programs, and personal perks.",Dedicated VIP Email & Personal Concierge,0% - 5% (Focus on exclusivity rather than deep discounts)
A000169Z,2025-09-04,2025-12-12,25,3538.42,4.48,25,20,119,4,5,5,455,4.6,3,2.332,-0.4495,0.5367,False,0.941,4394.2,0.252,0.748,13.16,1724.94,High,Champions (VIPs),High (Preserve & Delight),"Reward loyalty with exclusive early access, VIP beta programs, and personal perks.",Dedicated VIP Email & Personal Concierge,0% - 5% (Focus on exclusivity rather than deep discounts)
A000170Y,2025-07-07,2025-12-31,8,768.34,4.125,8,1,178,5,3,2,532,3.5,2,0.7896,1.0976,-0.8651,False,0.492,1350.48,0.762,0.238,12.5,1111.72,Low,Champions (VIPs),High (Preserve & Delight),"Reward loyalty with exclusive early access, VIP beta programs, and personal perks.",Dedicated VIP Email & Personal Concierge,0% - 5% (Focus on exclusivity rather than deep discounts)
A000171T,2024-02-03,2025-02-27,9,1098.49,3.3333333333333335,9,308,698,2,3,3,233,2.5999999999999996,0,-0.3974,-1.1795,0.3557,False,0.188,53.07,0.122,0.878,0.57,64.69,High,At-Risk Customers,Critical (Win Back Immediately),"Urgent win-back campaigns, personalized reactivation discounts, and satisfaction surveys.",SMS Alert + Re-engagement Email Series,20% - 25% Time-limited reactivation coupon
A000172P,2025-09-02,2025-12-28,12,1614.0,4.083333333333333,12,4,121,5,4,4,544,4.4,3,1.3468,0.292,-0.4816,False,0.731,2172.44,0.707,0.293,25.61,3188.85,Low,Champions (VIPs),High (Preserve & Delight),"Reward loyalty with exclusive early access, VIP beta programs, and personal perks.",Dedicated VIP Email & Personal Concierge,0% - 5% (Focus on exclusivity rather than deep discounts)
A000173U,2025-08-17,2025-12-31,6,764.19,3.5,6,1,137,5,2,2,522,3.2,2,0.2379,0.6665,-1.4678,False,0.741,1494.0,0.762,0.238,12.18,1436.94,Low,Loyal Customers,High (Nurture & Expand),Upsell higher-tier products and cross-sell accessories in related categories.,Targeted Email Newsletter & In-App Banners,10% on bundles or loyalty point multipliers
A000174Z,2024-01-03,2025-12-25,12,1638.46,3.5833333333333335,12,7,729,4,4,4,444,4.0,3,0.9888,-0.2989,-0.7677,False,1.123,513.91,0.752,0.248,4.52,571.0,Low,Champions (VIPs),High (Preserve & Delight),"Reward loyalty with exclusive early access, VIP beta programs, and personal perks.",Dedicated VIP Email & Personal Concierge,0% - 5% (Focus on exclusivity rather than deep discounts)
A000175Z,2024-02-16,2025-02-27,11,1541.96,2.8181818181818183,11,308,685,2,4,4,244,3.2,0,-0.3061,-1.9008,-0.0919,False,0.975,66.18,0.06,0.94,0.35,45.42,High,At-Risk Customers,Critical (Win Back Immediately),"Urgent win-back campaigns, personalized reactivation discounts, and satisfaction surveys.",SMS Alert + Re-engagement Email Series,20% - 25% Time-limited reactivation coupon
A000176E,2024-01-03,2025-11-28,13,1578.95,3.8461538461538463,13,34,729,3,4,4,344,3.6000000000000005,3,0.8542,-0.4746,0.0466,False,0.881,412.78,0.671,0.329,4.37,491.53,Medium,Champions (VIPs),High (Preserve & Delight),"Reward loyalty with exclusive early access, VIP beta programs, and personal perks.",Dedicated VIP Email & Personal Concierge,0% - 5% (Focus on exclusivity rather than deep discounts)
A000177P,2024-01-03,2025-01-23,11,1154.9,3.4545454545454546,11,343,729,1,4,3,143,2.5,0,-0.1689,-1.2204,0.5264,False,0.314,39.31,0.05,0.95,0.28,26.87,High,At-Risk Customers,Critical (Win Back Immediately),"Urgent win-back campaigns, personalized reactivation discounts, and satisfaction surveys.",SMS Alert + Re-engagement Email Series,20% - 25% Time-limited reactivation coupon
A000178W,2024-03-15,2025-08-29,7,933.37,3.7142857142857144,7,125,657,2,2,3,223,2.3,0,-0.2942,-0.3962,0.3418,False,0.624,197.59,0.534,0.466,2.08,256.19,Medium,Hibernating / Casuals,Low (Low Touch),Automated low-cost liquidation campaigns or seasonal clearance alerts.,Mass Marketing / Retargeting Ads,Standard clearance promos (avoid expensive direct sales outreach)
A000179D,2024-03-28,2024-03-28,1,139.21,4.0,1,644,644,1,1,1,111,1.0,1,-2.8535,1.0245,1.0192,False,1.082,3.82,0.599,0.401,0.34,43.74,Medium,Hibernating / Casuals,Low (Low Touch),Automated low-cost liquidation campaigns or seasonal clearance alerts.,Mass Marketing / Retargeting Ads,Standard clearance promos (avoid expensive direct sales outreach)
A000180R,2025-09-03,2025-12-24,24,2819.2999999999997,4.583333333333333,24,8,120,4,5,5,455,4.6,3,2.3934,-0.0104,0.2921,False,0.808,3478.3,0.571,0.429,29.77,3238.15,Medium,Champions (VIPs),High (Preserve & Delight),"Reward loyalty with exclusive early access, VIP beta programs, and personal perks.",Dedicated VIP Email & Personal Concierge,0% - 5% (Focus on exclusivity rather than deep discounts)
A000181V,2024-02-28,2025-11-14,9,1329.01,3.6666666666666665,9,48,673,3,3,4,334,3.3,0,0.2922,-0.4661,-0.0271,False,0.886,386.94,0.665,0.335,3.25,443.94,Medium,Champions (VIPs),High (Preserve & Delight),"Reward loyalty with exclusive early access, VIP beta programs, and personal perks.",Dedicated VIP Email & Personal Concierge,0% - 5% (Focus on exclusivity rather than deep discounts)
A000182P,2025-09-11,2025-12-16,13,1254.3899999999999,4.230769230769231,13,16,112,4,4,4,444,4.0,3,1.0708,0.1692,0.1154,False,0.563,1733.57,0.429,0.571,18.18,1624.03,Medium,Champions (VIPs),High (Preserve & Delight),"Reward loyalty with exclusive early access, VIP beta programs, and personal perks.",Dedicated VIP Email & Personal Concierge,0% - 5% (Focus on exclusivity rather than deep discounts)
A000183J,2024-01-23,2024-01-23,1,49.29,4.0,1,709,709,1,1,1,111,1.0,1,-3.5118,1.4383,0.9945,False,1.665,1.99,0.599,0.401,0.31,14.07,Medium,Hibernating / Casuals,Low (Low Touch),Automated low-cost liquidation campaigns or seasonal clearance alerts.,Mass Marketing / Retargeting Ads,Standard clearance promos (avoid expensive direct sales outreach)
A000184B,2024-01-22,2024-01-22,1,47.75,3.0,1,710,710,1,1,1,111,1.0,1,-4.0654,0.5319,0.059,False,1.701,1.97,0.599,0.401,0.31,13.61,Medium,Hibernating / Casuals,Low (Low Touch),Automated low-cost liquidation campaigns or seasonal clearance alerts.,Mass Marketing / Retargeting Ads,Standard clearance promos (avoid expensive direct sales outreach)
A000185Y,2024-03-07,2025-11-07,8,1057.26,4.125,8,55,665,3,3,3,333,3.0,0,0.2763,0.077,0.4308,False,1.245,333.83,0.662,0.338,2.91,355.52,Medium,Champions (VIPs),High (Preserve & Delight),"Reward loyalty with exclusive early access, VIP beta programs, and personal perks.",Dedicated VIP Email & Personal Concierge,0% - 5% (Focus on exclusivity rather than deep discounts)
A000186M,2024-01-28,2025-02-05,14,1953.33,2.7142857142857144,14,330,704,1,4,5,145,3.1,0,-0.0388,-2.2411,-0.1321,False,1.331,64.46,0.05,0.95,0.36,46.89,High,Critical Reviewers,High (Service Recovery),Proactive customer success contact to resolve friction and collect feedback.,Direct Customer Support Outreach,Apology credit / Replacement support voucher
A000187G,2024-08-28,2025-03-11,2,198.55,3.0,2,296,491,2,1,1,211,1.4000000000000001,1,-2.6563,-0.0681,-0.1614,False,0.758,64.47,0.559,0.441,0.83,76.34,Medium,Hibernating / Casuals,Low (Low Touch),Automated low-cost liquidation campaigns or seasonal clearance alerts.,Mass Marketing / Retargeting Ads,Standard clearance promos (avoid expensive direct sales outreach)
A000188Q,2025-09-09,2025-12-31,6,832.94,4.666666666666667,6,1,114,5,2,2,522,3.2,2,0.9144,1.7022,-0.3727,False,1.07,1625.94,0.761,0.239,14.62,1879.03,Low,Loyal Customers,High (Nurture & Expand),Upsell higher-tier products and cross-sell accessories in related categories.,Targeted Email Newsletter & In-App Banners,10% on bundles or loyalty point multipliers
A000189Q,2025-07-02,2025-11-06,7,935.9100000000001,4.0,7,56,183,3,2,3,323,2.7,0,0.0295,0.0757,0.3049,False,1.145,980.13,0.374,0.626,5.23,647.01,Medium,Loyal Customers,High (Nurture & Expand),Upsell higher-tier products and cross-sell accessories in related categories.,Targeted Email Newsletter & In-App Banners,10% on bundles or loyalty point multipliers
A000190H,2024-08-02,2025-11-02,9,1276.44,3.7777777777777777,9,60,517,3,3,4,334,3.3,0,0.2797,-0.4047,0.1582,False,0.864,501.68,0.59,0.41,3.75,492.39,Medium,Champions (VIPs),High (Preserve & Delight),"Reward loyalty with exclusive early access, VIP beta programs, and personal perks.",Dedicated VIP Email & Personal Concierge,0% - 5% (Focus on exclusivity rather than deep discounts)
A000191M,2025-09-06,2025-12-19,22,2915.7,4.2727272727272725,22,13,117,4,5,5,455,4.6,3,2.0828,-0.3808,0.1671,False,0.604,3552.15,0.429,0.571,22.37,2745.38,Medium,Champions (VIPs),High (Preserve & Delight),"Reward loyalty with exclusive early access, VIP beta programs, and personal perks.",Dedicated VIP Email & Personal Concierge,0% - 5% (Focus on exclusivity rather than deep discounts)
A000192D,2024-02-28,2024-06-24,2,63.67,2.0,2,556,673,1,1,1,111,1.0,1,-4.0254,-0.6716,-0.9222,False,2.332,6.37,0.47,0.53,0.51,15.01,Medium,Critical Reviewers,High (Service Recovery),Proactive customer success contact to resolve friction and collect feedback.,Direct Customer Support Outreach,Apology credit / Replacement support voucher
A000193X,2024-05-12,2025-02-04,2,292.27,4.0,2,331,599,1,1,1,111,1.0,1,-1.9066,0.6568,0.8387,False,0.813,40.76,0.578,0.422,0.7,95.37,Medium,Hibernating / Casuals,Low (Low Touch),Automated low-cost liquidation campaigns or seasonal clearance alerts.,Mass Marketing / Retargeting Ads,Standard clearance promos (avoid expensive direct sales outreach)
A000194M,2024-04-15,2024-12-29,6,717.11,3.3333333333333335,6,368,626,1,2,2,122,1.6,0,-1.0048,-0.8438,0.372,False,0.724,35.17,0.165,0.835,0.58,63.87,High,At-Risk Customers,Critical (Win Back Immediately),"Urgent win-back campaigns, personalized reactivation discounts, and satisfaction surveys.",SMS Alert + Re-engagement Email Series,20% - 25% Time-limited reactivation coupon
A000195T,2024-02-10,2025-12-29,7,604.62,3.7142857142857144,7,3,691,5,2,2,522,3.2,2,0.1728,0.7048,-1.0062,False,0.349,371.32,0.764,0.236,2.83,225.98,Low,Loyal Customers,High (Nurture & Expand),Upsell higher-tier products and cross-sell accessories in related categories.,Targeted Email Newsletter & In-App Banners,10% on bundles or loyalty point multipliers
A000196W,2024-02-14,2025-11-05,9,1416.65,3.5555555555555554,9,57,687,3,3,4,334,3.3,0,0.2365,-0.6403,-0.0625,False,0.766,365.39,0.646,0.354,3.09,450.38,Medium,Champions (VIPs),High (Preserve & Delight),"Reward loyalty with exclusive early access, VIP beta programs, and personal perks.",Dedicated VIP Email & Personal Concierge,0% - 5% (Focus on exclusivity rather than deep discounts)
A000197M,2024-02-04,2025-01-18,13,1408.98,3.076923076923077,13,348,697,1,4,4,144,2.8,0,-0.1184,-1.7431,0.2023,False,0.757,45.51,0.05,0.95,0.34,34.16,High,At-Risk Customers,Critical (Win Back Immediately),"Urgent win-back campaigns, personalized reactivation discounts, and satisfaction surveys.",SMS Alert + Re-engagement Email Series,20% - 25% Time-limited reactivation coupon
A000198B,2024-06-23,2024-06-23,1,23.97,5.0,1,557,557,1,1,1,111,1.0,1,-3.3618,2.7216,1.7945,False,2.887,8.2,0.599,0.401,0.39,8.71,Medium,Hibernating / Casuals,Low (Low Touch),Automated low-cost liquidation campaigns or seasonal clearance alerts.,Mass Marketing / Retargeting Ads,Standard clearance promos (avoid expensive direct sales outreach)
A000199N,2024-10-28,2024-10-28,1,52.75,3.0,1,430,430,1,1,1,111,1.0,1,-3.8978,0.6228,-0.127,False,1.562,27.31,0.599,0.401,0.51,24.82,Medium,Hibernating / Casuals,Low (Low Touch),Automated low-cost liquidation campaigns or seasonal clearance alerts.,Mass Marketing / Retargeting Ads,Standard clearance promos (avoid expensive direct sales outreach)
A000200J,2024-01-06,2025-02-19,11,1105.66,2.909090909090909,11,316,726,1,4,3,143,2.5,0,-0.4698,-1.6816,-0.0171,False,0.763,46.82,0.067,0.933,0.37,34.59,High,At-Risk Customers,Critical (Win Back Immediately),"Urgent win-back campaigns, personalized reactivation discounts, and satisfaction surveys.",SMS Alert + Re-engagement Email Series,20% - 25% Time-limited reactivation coupon
A000201G,2024-01-08,2025-02-21,8,1109.84,4.0,8,314,724,2,3,3,233,2.5999999999999996,0,-0.1291,-0.5169,0.9788,False,0.843,48.25,0.171,0.829,0.69,88.8,High,At-Risk Customers,Critical (Win Back Immediately),"Urgent win-back campaigns, personalized reactivation discounts, and satisfaction surveys.",SMS Alert + Re-engagement Email Series,20% - 25% Time-limited reactivation coupon
A000202D,2025-09-14,2025-12-29,15,1694.55,4.466666666666667,15,3,109,5,5,4,554,4.7,3,1.8067,0.5661,-0.1908,False,0.696,2310.24,0.705,0.295,35.4,3702.49,Low,Champions (VIPs),High (Preserve & Delight),"Reward loyalty with exclusive early access, VIP beta programs, and personal perks.",Dedicated VIP Email & Personal Concierge,0% - 5% (Focus on exclusivity rather than deep discounts)
A000203Q,2024-01-14,2025-09-15,7,857.6,3.4285714285714284,7,108,718,3,2,3,323,2.7,0,-0.4684,-0.5842,0.0142,False,0.56,186.48,0.588,0.412,2.09,237.55,Medium,Loyal Customers,High (Nurture & Expand),Upsell higher-tier products and cross-sell accessories in related categories.,Targeted Email Newsletter & In-App Banners,10% on bundles or loyalty point multipliers
A000204C,2024-07-25,2025-10-19,2,171.66,3.0,2,74,525,3,1,1,311,1.8000000000000003,1,-2.4524,0.359,-0.6974,False,0.9,279.54,0.726,0.274,1.01,80.23,Low,Potential Loyalists,Medium (Activate),Offer membership/loyalty program onboarding and recommend category bestsellers.,Automated Onboarding Email Drip,10% - 15% on second/third purchase
A000205X,2024-01-27,2025-02-06,14,1913.23,3.0714285714285716,14,329,705,1,4,5,145,3.1,0,0.1397,-1.9031,0.1991,False,0.996,63.62,0.05,0.95,0.36,45.86,High,At-Risk Customers,Critical (Win Back Immediately),"Urgent win-back campaigns, personalized reactivation discounts, and satisfaction surveys.",SMS Alert + Re-engagement Email Series,20% - 25% Time-limited reactivation coupon
A000206G,2025-09-19,2025-12-15,18,1928.33,4.611111111111111,18,17,104,4,5,5,455,4.6,3,1.7897,0.148,0.5408,False,0.481,2327.92,0.322,0.678,16.81,1667.43,High,Champions (VIPs),High (Preserve & Delight),"Reward loyalty with exclusive early access, VIP beta programs, and personal perks.",Dedicated VIP Email & Personal Concierge,0% - 5% (Focus on exclusivity rather than deep discounts)
A000207W,2025-09-02,2025-12-29,18,2125.33,4.611111111111111,18,3,121,5,5,5,555,5.0,3,2.1714,0.5054,-0.0297,False,0.789,2692.85,0.702,0.298,36.61,4002.22,Low,Champions (VIPs),High (Preserve & Delight),"Reward loyalty with exclusive early access, VIP beta programs, and personal perks.",Dedicated VIP Email & Personal Concierge,0% - 5% (Focus on exclusivity rather than deep discounts)
A000208W,2024-02-11,2024-11-25,6,1047.65,3.6666666666666665,6,402,690,1,2,3,123,1.9,0,-0.6101,-0.7229,0.7399,False,0.595,27.58,0.168,0.832,0.53,86.45,High,At-Risk Customers,Critical (Win Back Immediately),"Urgent win-back campaigns, personalized reactivation discounts, and satisfaction surveys.",SMS Alert + Re-engagement Email Series,20% - 25% Time-limited reactivation coupon
A000209V,2025-09-10,2025-12-27,25,3810.53,4.52,25,5,113,4,5,5,455,4.6,3,2.6669,-0.1122,0.0985,False,1.069,5586.62,0.652,0.348,34.01,4799.26,Medium,Champions (VIPs),High (Preserve & Delight),"Reward loyalty with exclusive early access, VIP beta programs, and personal perks.",Dedicated VIP Email & Personal Concierge,0% - 5% (Focus on exclusivity rather than deep discounts)
A000210A,2024-01-04,2025-12-17,12,1483.32,3.3333333333333335,12,15,728,4,4,4,444,4.0,3,0.6454,-0.67,-0.7416,False,1.45,454.61,0.731,0.269,4.4,503.71,Low,Champions (VIPs),High (Preserve & Delight),"Reward loyalty with exclusive early access, VIP beta programs, and personal perks.",Dedicated VIP Email & Personal Concierge,0% - 5% (Focus on exclusivity rather than deep discounts)
A000211B,2025-06-30,2025-12-31,9,1009.15,3.6666666666666665,9,1,185,5,3,3,533,3.8,2,0.8041,0.5004,-1.2693,False,0.767,1473.41,0.762,0.238,13.52,1403.91,Low,Champions (VIPs),High (Preserve & Delight),"Reward loyalty with exclusive early access, VIP beta programs, and personal perks.",Dedicated VIP Email & Personal Concierge,0% - 5% (Focus on exclusivity rather than deep discounts)
A000212L,2024-01-15,2024-09-08,8,1278.57,2.875,8,480,717,1,3,4,134,2.5,0,-0.7323,-1.7241,0.0984,False,0.855,16.48,0.05,0.95,0.2,30.13,High,At-Risk Customers,Critical (Win Back Immediately),"Urgent win-back campaigns, personalized reactivation discounts, and satisfaction surveys.",SMS Alert + Re-engagement Email Series,20% - 25% Time-limited reactivation coupon
A000213H,2024-02-15,2025-02-05,10,1257.19,3.1,10,330,686,1,3,4,134,2.5,0,-0.3715,-1.5236,0.1791,False,0.529,50.02,0.066,0.934,0.35,40.93,High,At-Risk Customers,Critical (Win Back Immediately),"Urgent win-back campaigns, personalized reactivation discounts, and satisfaction surveys.",SMS Alert + Re-engagement Email Series,20% - 25% Time-limited reactivation coupon
A000214E,2024-01-02,2025-12-24,16,2046.97,4.0,16,8,730,4,5,5,455,4.6,3,1.5536,-0.193,-0.3003,False,0.467,602.53,0.743,0.257,5.94,703.78,Low,Champions (VIPs),High (Preserve & Delight),"Reward loyalty with exclusive early access, VIP beta programs, and personal perks.",Dedicated VIP Email & Personal Concierge,0% - 5% (Focus on exclusivity rather than deep discounts)
A000215U,2024-01-27,2025-03-10,8,1139.35,3.625,8,297,705,2,3,3,233,2.5999999999999996,0,-0.3012,-0.8582,0.6087,False,0.326,57.6,0.183,0.817,0.76,99.95,High,At-Risk Customers,Critical (Win Back Immediately),"Urgent win-back campaigns, personalized reactivation discounts, and satisfaction surveys.",SMS Alert + Re-engagement Email Series,20% - 25% Time-limited reactivation coupon
A000216G,2024-05-14,2025-12-27,10,1154.01,3.9,10,5,597,4,3,3,433,3.4,2,0.8589,0.3125,-0.6153,False,0.766,577.32,0.756,0.244,4.62,494.14,Low,Champions (VIPs),High (Preserve & Delight),"Reward loyalty with exclusive early access, VIP beta programs, and personal perks.",Dedicated VIP Email & Personal Concierge,0% - 5% (Focus on exclusivity rather than deep discounts)
A000217C,2024-04-08,2025-11-26,13,1396.04,3.923076923076923,13,36,633,3,4,4,344,3.6000000000000005,3,0.8069,-0.3659,0.1324,False,0.869,470.49,0.648,0.352,4.85,482.7,Medium,Champions (VIPs),High (Preserve & Delight),"Reward loyalty with exclusive early access, VIP beta programs, and personal perks.",Dedicated VIP Email & Personal Concierge,0% - 5% (Focus on exclusivity rather than deep discounts)
A000218T,2024-02-02,2025-03-04,14,2202.2799999999997,2.5,14,303,699,2,4,5,245,3.5,0,-0.0605,-2.4669,-0.3578,False,1.619,88.04,0.05,0.95,0.37,53.24,High,Critical Reviewers,High (Service Recovery),Proactive customer success contact to resolve friction and collect feedback.,Direct Customer Support Outreach,Apology credit / Replacement support voucher
A000219G,2024-01-03,2025-01-20,7,1044.92,3.0,7,346,729,1,2,3,123,1.9,0,-0.8218,-1.37,0.0694,False,0.676,37.12,0.189,0.811,0.66,91.45,High,At-Risk Customers,Critical (Win Back Immediately),"Urgent win-back campaigns, personalized reactivation discounts, and satisfaction surveys.",SMS Alert + Re-engagement Email Series,20% - 25% Time-limited reactivation coupon
A000220U,2024-01-01,2025-06-15,3,464.13,3.6666666666666665,3,200,731,2,1,2,212,1.7000000000000002,1,-1.445,0.1243,0.3837,False,1.035,80.63,0.633,0.367,0.95,135.74,Medium,Hibernating / Casuals,Low (Low Touch),Automated low-cost liquidation campaigns or seasonal clearance alerts.,Mass Marketing / Retargeting Ads,Standard clearance promos (avoid expensive direct sales outreach)
A000221G,2024-03-24,2025-03-02,10,1161.06,3.2,10,305,648,2,3,3,233,2.5999999999999996,0,-0.3508,-1.3768,0.2377,False,0.371,62.48,0.071,0.929,0.4,43.23,High,At-Risk Customers,Critical (Win Back Immediately),"Urgent win-back campaigns, personalized reactivation discounts, and satisfaction surveys.",SMS Alert + Re-engagement Email Series,20% - 25% Time-limited reactivation coupon
A000222H,2025-08-19,2025-12-07,6,822.6,3.6666666666666665,6,25,135,3,2,2,322,2.4000000000000004,2,-0.1751,0.1077,-0.3248,False,1.036,1301.53,0.577,0.423,9.36,1188.55,Medium,Loyal Customers,High (Nurture & Expand),Upsell higher-tier products and cross-sell accessories in related categories.,Targeted Email Newsletter & In-App Banners,10% on bundles or loyalty point multipliers
A000223L,2025-09-11,2025-12-25,19,2236.17,4.421052631578948,19,7,112,4,5,5,455,4.6,3,1.9973,0.0962,0.0651,False,0.416,2800.16,0.599,0.401,31.22,3401.91,Medium,Champions (VIPs),High (Preserve & Delight),"Reward loyalty with exclusive early access, VIP beta programs, and personal perks.",Dedicated VIP Email & Personal Concierge,0% - 5% (Focus on exclusivity rather than deep discounts)
A000224E,2024-02-24,2025-04-13,11,1179.41,4.2727272727272725,11,263,677,2,4,3,243,2.9,0,0.3377,-0.4069,1.1906,False,1.239,78.77,0.098,0.902,0.58,57.75,High,At-Risk Customers,Critical (Win Back Immediately),"Urgent win-back campaigns, personalized reactivation discounts, and satisfaction surveys.",SMS Alert + Re-engagement Email Series,20% - 25% Time-limited reactivation coupon
A000225V,2024-01-08,2025-12-15,14,1740.72,3.7857142857142856,14,17,724,4,4,4,444,4.0,3,1.0835,-0.4342,-0.2538,False,0.768,504.02,0.718,0.282,5.07,583.83,Low,Champions (VIPs),High (Preserve & Delight),"Reward loyalty with exclusive early access, VIP beta programs, and personal perks.",Dedicated VIP Email & Personal Concierge,0% - 5% (Focus on exclusivity rather than deep discounts)
A000226A,2024-02-06,2025-11-26,12,1495.32,4.25,12,36,695,3,4,4,344,3.6000000000000005,3,0.961,-0.0531,0.4365,False,0.712,426.24,0.669,0.331,4.21,486.31,Medium,Champions (VIPs),High (Preserve & Delight),"Reward loyalty with exclusive early access, VIP beta programs, and personal perks.",Dedicated VIP Email & Personal Concierge,0% - 5% (Focus on exclusivity rather than deep discounts)
A000227J,2025-02-24,2025-02-24,1,183.08,5.0,1,311,311,2,1,1,211,1.4000000000000001,1,-1.9951,2.02,1.6915,False,2.146,88.32,0.599,0.401,0.7,119.11,Medium,Hibernating / Casuals,Low (Low Touch),Automated low-cost liquidation campaigns or seasonal clearance alerts.,Mass Marketing / Retargeting Ads,Standard clearance promos (avoid expensive direct sales outreach)
A000228E,2024-06-08,2025-12-27,7,373.51,4.714285714285714,7,5,572,4,2,1,421,2.5,2,0.3213,1.7225,0.0546,False,1.181,437.34,0.76,0.24,3.39,167.66,Low,Loyal Customers,High (Nurture & Expand),Upsell higher-tier products and cross-sell accessories in related categories.,Targeted Email Newsletter & In-App Banners,10% on bundles or loyalty point multipliers
A000229E,2024-02-11,2024-12-05,2,184.41,2.5,2,392,690,1,1,1,111,1.0,1,-3.0288,-0.5706,-0.5256,False,1.475,20.44,0.572,0.428,0.61,51.69,Medium,Critical Reviewers,High (Service Recovery),Proactive customer success contact to resolve friction and collect feedback.,Direct Customer Support Outreach,Apology credit / Replacement support voucher
A000230T,2024-02-25,2025-01-26,8,967.81,2.625,8,340,676,1,3,3,133,2.1999999999999997,0,-0.9654,-1.7435,-0.2836,False,1.154,42.26,0.117,0.883,0.51,56.72,High,Critical Reviewers,High (Service Recovery),Proactive customer success contact to resolve friction and collect feedback.,Direct Customer Support Outreach,Apology credit / Replacement support voucher
A000231J,2024-05-06,2025-02-04,10,1270.68,3.9,10,331,605,1,3,4,134,2.5,0,0.0617,-0.7934,0.9283,False,0.74,60.47,0.05,0.95,0.3,35.49,High,At-Risk Customers,Critical (Win Back Immediately),"Urgent win-back campaigns, personalized reactivation discounts, and satisfaction surveys.",SMS Alert + Re-engagement Email Series,20% - 25% Time-limited reactivation coupon
A000232F,2025-06-25,2025-11-27,8,743.66,3.875,8,35,190,3,3,2,332,2.7,2,0.0186,0.1149,0.0069,False,1.138,1022.78,0.505,0.495,7.77,668.36,Medium,Champions (VIPs),High (Preserve & Delight),"Reward loyalty with exclusive early access, VIP beta programs, and personal perks.",Dedicated VIP Email & Personal Concierge,0% - 5% (Focus on exclusivity rather than deep discounts)
A000233D,2025-08-05,2025-12-31,5,274.71999999999997,4.2,5,1,149,5,2,1,521,2.9,2,-0.1548,1.8339,-0.8863,False,1.095,1172.77,0.764,0.236,9.35,475.89,Low,Loyal Customers,High (Nurture & Expand),Upsell higher-tier products and cross-sell accessories in related categories.,Targeted Email Newsletter & In-App Banners,10% on bundles or loyalty point multipliers
A000234X,2025-07-17,2025-12-31,9,1264.85,3.888888888888889,9,1,168,5,3,4,534,4.1,2,1.0631,0.608,-1.0482,False,0.801,1717.65,0.761,0.239,14.88,1935.87,Low,Champions (VIPs),High (Preserve & Delight),"Reward loyalty with exclusive early access, VIP beta programs, and personal perks.",Dedicated VIP Email & Personal Concierge,0% - 5% (Focus on exclusivity rather than deep discounts)
A000235A,2024-05-12,2025-12-11,10,1099.33,3.6,10,21,599,4,3,3,433,3.4,2,0.391,-0.2872,-0.4006,False,1.219,501.24,0.715,0.285,4.36,443.45,Low,Champions (VIPs),High (Preserve & Delight),"Reward loyalty with exclusive early access, VIP beta programs, and personal perks.",Dedicated VIP Email & Personal Concierge,0% - 5% (Focus on exclusivity rather than deep discounts)
A000236E,2024-01-05,2025-02-08,13,1859.52,3.3076923076923075,13,327,727,1,4,5,145,3.1,0,0.1905,-1.6333,0.4108,False,0.792,60.01,0.05,0.95,0.33,43.22,High,At-Risk Customers,Critical (Win Back Immediately),"Urgent win-back campaigns, personalized reactivation discounts, and satisfaction surveys.",SMS Alert + Re-engagement Email Series,20% - 25% Time-limited reactivation coupon
A000237A,2024-01-17,2025-12-23,10,1153.56,3.8,10,9,715,4,3,3,433,3.4,2,0.6961,0.0852,-0.513,False,0.895,425.09,0.75,0.25,3.83,409.02,Low,Champions (VIPs),High (Preserve & Delight),"Reward loyalty with exclusive early access, VIP beta programs, and personal perks.",Dedicated VIP Email & Personal Concierge,0% - 5% (Focus on exclusivity rather than deep discounts)
A000238M,2025-09-03,2025-12-26,24,2550.26,4.541666666666667,24,6,120,4,5,5,455,4.6,3,2.3624,0.0609,0.1508,False,0.764,3130.87,0.626,0.374,32.63,3210.61,Medium,Champions (VIPs),High (Preserve & Delight),"Reward loyalty with exclusive early access, VIP beta programs, and personal perks.",Dedicated VIP Email & Personal Concierge,0% - 5% (Focus on exclusivity rather than deep discounts)
A000239H,2024-01-11,2024-10-15,6,544.4300000000001,2.8333333333333335,6,443,721,1,2,2,122,1.6,0,-1.4824,-1.2347,-0.0407,False,1.253,15.38,0.148,0.852,0.45,37.81,High,At-Risk Customers,Critical (Win Back Immediately),"Urgent win-back campaigns, personalized reactivation discounts, and satisfaction surveys.",SMS Alert + Re-engagement Email Series,20% - 25% Time-limited reactivation coupon
A000240U,2024-03-27,2025-12-01,11,1428.56,3.909090909090909,11,31,645,3,4,4,344,3.6000000000000005,3,0.7132,-0.2635,0.0538,False,0.926,483.66,0.685,0.315,4.26,512.78,Medium,Champions (VIPs),High (Preserve & Delight),"Reward loyalty with exclusive early access, VIP beta programs, and personal perks.",Dedicated VIP Email & Personal Concierge,0% - 5% (Focus on exclusivity rather than deep discounts)
A000241L,2025-03-14,2025-03-14,1,20.63,1.0,1,293,293,2,1,1,211,1.4000000000000001,1,-5.4504,-0.7245,-2.1966,False,4.093,97.29,0.599,0.401,0.75,14.25,Medium,Hibernating / Casuals,Low (Low Touch),Automated low-cost liquidation campaigns or seasonal clearance alerts.,Mass Marketing / Retargeting Ads,Standard clearance promos (avoid expensive direct sales outreach)
A000242A,2025-11-26,2025-11-26,1,193.22,4.0,1,36,36,3,1,1,311,1.8000000000000003,1,-2.0405,1.6432,-0.0565,False,1.17,1168.98,0.599,0.401,6.07,1085.97,Medium,Hibernating / Casuals,Low (Low Touch),Automated low-cost liquidation campaigns or seasonal clearance alerts.,Mass Marketing / Retargeting Ads,Standard clearance promos (avoid expensive direct sales outreach)
A000243F,2024-10-04,2025-12-04,3,428.21999999999997,3.0,3,28,454,3,1,2,312,2.1,1,-1.4375,0.0594,-0.9858,False,1.568,509.73,0.741,0.259,1.79,236.26,Low,Potential Loyalists,Medium (Activate),Offer membership/loyalty program onboarding and recommend category bestsellers.,Automated Onboarding Email Drip,10% - 15% on second/third purchase
A000244J,2024-06-01,2025-12-29,11,1299.07,4.0,11,3,579,5,4,4,544,4.4,2,1.1467,0.4124,-0.6638,False,0.917,649.34,0.76,0.24,5.27,576.52,Low,Champions (VIPs),High (Preserve & Delight),"Reward loyalty with exclusive early access, VIP beta programs, and personal perks.",Dedicated VIP Email & Personal Concierge,0% - 5% (Focus on exclusivity rather than deep discounts)
A000245B,2025-09-05,2025-12-27,27,3554.73,4.2592592592592595,27,5,118,4,5,5,455,4.6,3,2.5477,-0.3637,-0.1439,False,1.044,4898.25,0.652,0.348,34.01,4145.45,Medium,Champions (VIPs),High (Preserve & Delight),"Reward loyalty with exclusive early access, VIP beta programs, and personal perks.",Dedicated VIP Email & Personal Concierge,0% - 5% (Focus on exclusivity rather than deep discounts)
A000246E,2025-09-10,2025-09-10,1,180.54,2.0,1,113,113,2,1,1,211,1.4000000000000001,1,-3.3909,-0.4652,-1.4979,False,2.208,564.71,0.599,0.401,1.93,323.27,Medium,Hibernating / Casuals,Low (Low Touch),Automated low-cost liquidation campaigns or seasonal clearance alerts.,Mass Marketing / Retargeting Ads,Standard clearance promos (avoid expensive direct sales outreach)
A000247Z,2025-10-30,2025-12-31,4,339.61,4.5,4,1,63,5,2,1,521,2.9,2,-0.0188,2.1216,-0.6067,False,1.313,1482.54,0.759,0.241,17.6,1383.44,Low,Potential Loyalists,Medium (Activate),Offer membership/loyalty program onboarding and recommend category bestsellers.,Automated Onboarding Email Drip,10% - 15% on second/third purchase
A000248P,2024-08-04,2024-08-04,1,109.39,4.0,1,515,515,1,1,1,111,1.0,1,-2.9546,1.1862,0.9194,False,1.142,12.62,0.599,0.401,0.42,42.98,Medium,Hibernating / Casuals,Low (Low Touch),Automated low-cost liquidation campaigns or seasonal clearance alerts.,Mass Marketing / Retargeting Ads,Standard clearance promos (avoid expensive direct sales outreach)
A000249S,2025-02-05,2025-02-05,1,77.59,4.0,1,330,330,1,1,1,111,1.0,1,-3.0711,1.4495,0.7289,False,1.271,70.53,0.599,0.401,0.66,47.57,Medium,Hibernating / Casuals,Low (Low Touch),Automated low-cost liquidation campaigns or seasonal clearance alerts.,Mass Marketing / Retargeting Ads,Standard clearance promos (avoid expensive direct sales outreach)
A000250D,2025-04-24,2025-10-19,3,425.19,4.666666666666667,3,74,252,3,1,1,311,1.8000000000000003,1,-0.7548,1.3427,0.9349,False,1.952,592.93,0.621,0.379,2.7,354.31,Medium,Potential Loyalists,Medium (Activate),Offer membership/loyalty program onboarding and recommend category bestsellers.,Automated Onboarding Email Drip,10% - 15% on second/third purchase
A000251Z,2024-02-25,2025-10-15,9,1397.03,3.888888888888889,9,78,676,3,3,4,334,3.3,0,0.3399,-0.4098,0.3665,False,0.888,320.76,0.591,0.409,2.87,412.97,Medium,Loyal Customers,High (Nurture & Expand),Upsell higher-tier products and cross-sell accessories in related categories.,Targeted Email Newsletter & In-App Banners,10% on bundles or loyalty point multipliers
A000252C,2024-02-08,2025-12-20,16,2274.75,4.0,16,12,693,4,5,5,455,4.6,3,1.5406,-0.3358,-0.1531,False,0.431,707.07,0.727,0.273,6.12,806.26,Low,Champions (VIPs),High (Preserve & Delight),"Reward loyalty with exclusive early access, VIP beta programs, and personal perks.",Dedicated VIP Email & Personal Concierge,0% - 5% (Focus on exclusivity rather than deep discounts)
A000253R,2025-01-03,2025-04-03,2,426.01,3.5,2,273,363,2,1,1,211,1.4000000000000001,1,-1.8989,0.0871,0.3205,False,0.671,113.29,0.499,0.501,1.0,197.99,Medium,Hibernating / Casuals,Low (Low Touch),Automated low-cost liquidation campaigns or seasonal clearance alerts.,Mass Marketing / Retargeting Ads,Standard clearance promos (avoid expensive direct sales outreach)
A000254Q,2024-02-10,2025-09-17,13,1569.65,4.0,13,106,691,3,4,4,344,3.6000000000000005,0,0.6941,-0.627,0.6182,False,1.111,271.15,0.402,0.598,2.76,308.94,Medium,Loyal Customers,High (Nurture & Expand),Upsell higher-tier products and cross-sell accessories in related categories.,Targeted Email Newsletter & In-App Banners,10% on bundles or loyalty point multipliers
A000255M,2024-04-17,2025-11-29,11,1247.75,4.454545454545454,11,33,624,3,4,4,344,3.6000000000000005,3,0.9074,0.2799,0.5785,False,0.879,462.48,0.676,0.324,4.35,456.71,Medium,Champions (VIPs),High (Preserve & Delight),"Reward loyalty with exclusive early access, VIP beta programs, and personal perks.",Dedicated VIP Email & Personal Concierge,0% - 5% (Focus on exclusivity rather than deep discounts)
A000256S,2025-08-02,2025-12-31,9,894.13,4.222222222222222,9,1,152,5,3,3,533,3.8,2,1.0256,1.0629,-0.7575,False,0.69,1513.27,0.76,0.24,16.42,1510.9,Low,Champions (VIPs),High (Preserve & Delight),"Reward loyalty with exclusive early access, VIP beta programs, and personal perks.",Dedicated VIP Email & Personal Concierge,0% - 5% (Focus on exclusivity rather than deep discounts)
A000257U,2024-08-04,2025-03-16,2,417.06,4.0,2,291,515,2,1,1,211,1.4000000000000001,1,-1.6587,0.539,0.8107,False,0.95,69.53,0.573,0.427,0.81,156.95,Medium,Hibernating / Casuals,Low (Low Touch),Automated low-cost liquidation campaigns or seasonal clearance alerts.,Mass Marketing / Retargeting Ads,Standard clearance promos (avoid expensive direct sales outreach)
A000258D,2024-02-12,2025-01-20,11,1306.97,3.3636363636363638,11,346,689,1,4,4,144,2.8,0,-0.1424,-1.3592,0.4522,False,0.397,45.24,0.05,0.95,0.29,32.05,High,At-Risk Customers,Critical (Win Back Immediately),"Urgent win-back campaigns, personalized reactivation discounts, and satisfaction surveys.",SMS Alert + Re-engagement Email Series,20% - 25% Time-limited reactivation coupon
A000259Q,2025-07-17,2025-12-26,8,868.6,4.125,8,6,168,4,3,3,433,3.4,2,0.5982,0.7128,-0.3778,False,0.484,1395.62,0.725,0.275,12.61,1267.53,Low,Champions (VIPs),High (Preserve & Delight),"Reward loyalty with exclusive early access, VIP beta programs, and personal perks.",Dedicated VIP Email & Personal Concierge,0% - 5% (Focus on exclusivity rather than deep discounts)
A000260S,2025-09-04,2025-12-26,18,2363.9,3.9444444444444446,18,6,119,4,5,5,455,4.6,3,1.762,-0.3016,-0.4318,False,0.649,2944.7,0.626,0.374,32.63,3967.99,Medium,Champions (VIPs),High (Preserve & Delight),"Reward loyalty with exclusive early access, VIP beta programs, and personal perks.",Dedicated VIP Email & Personal Concierge,0% - 5% (Focus on exclusivity rather than deep discounts)
A000261H,2024-02-21,2025-03-12,6,627.89,3.0,6,295,680,2,2,2,222,2.0,0,-1.2183,-1.0349,-0.0318,False,0.982,49.7,0.293,0.707,0.94,91.34,High,At-Risk Customers,Critical (Win Back Immediately),"Urgent win-back campaigns, personalized reactivation discounts, and satisfaction surveys.",SMS Alert + Re-engagement Email Series,20% - 25% Time-limited reactivation coupon
A000262V,2024-12-25,2024-12-25,1,154.76,3.0,1,372,372,1,1,1,111,1.0,1,-3.2052,0.2053,-0.1186,False,0.951,49.23,0.599,0.401,0.59,84.18,Medium,Hibernating / Casuals,Low (Low Touch),Automated low-cost liquidation campaigns or seasonal clearance alerts.,Mass Marketing / Retargeting Ads,Standard clearance promos (avoid expensive direct sales outreach)
A000263B,2025-09-02,2025-12-26,24,2949.67,4.5,24,6,121,4,5,5,455,4.6,3,2.4306,-0.0397,0.1206,False,0.829,3728.59,0.626,0.374,32.63,3713.44,Medium,Champions (VIPs),High (Preserve & Delight),"Reward loyalty with exclusive early access, VIP beta programs, and personal perks.",Dedicated VIP Email & Personal Concierge,0% - 5% (Focus on exclusivity rather than deep discounts)
A000264Z,2025-06-23,2025-12-31,9,1000.2099999999999,3.3333333333333335,9,1,192,5,3,3,533,3.8,2,0.6206,0.1977,-1.5812,False,1.09,1443.59,0.762,0.238,13.03,1341.2,Low,Champions (VIPs),High (Preserve & Delight),"Reward loyalty with exclusive early access, VIP beta programs, and personal perks.",Dedicated VIP Email & Personal Concierge,0% - 5% (Focus on exclusivity rather than deep discounts)
A000265X,2025-02-27,2025-02-27,1,149.76,5.0,1,308,308,2,1,1,211,1.4000000000000001,1,-2.1172,2.1081,1.6758,False,2.179,89.51,0.599,0.401,0.71,98.38,Medium,Hibernating / Casuals,Low (Low Touch),Automated low-cost liquidation campaigns or seasonal clearance alerts.,Mass Marketing / Retargeting Ads,Standard clearance promos (avoid expensive direct sales outreach)
A000266S,2024-01-06,2025-02-17,6,540.11,3.5,6,318,726,1,2,2,122,1.6,0,-1.0607,-0.5307,0.455,False,0.911,36.5,0.289,0.711,0.87,72.55,High,At-Risk Customers,Critical (Win Back Immediately),"Urgent win-back campaigns, personalized reactivation discounts, and satisfaction surveys.",SMS Alert + Re-engagement Email Series,20% - 25% Time-limited reactivation coupon
A000267K,2024-01-16,2025-01-24,12,1334.72,2.4166666666666665,12,342,716,1,4,4,144,2.8,0,-0.5642,-2.2808,-0.4298,False,1.493,44.06,0.05,0.95,0.31,31.5,High,Critical Reviewers,High (Service Recovery),Proactive customer success contact to resolve friction and collect feedback.,Direct Customer Support Outreach,Apology credit / Replacement support voucher
A000268Q,2024-01-18,2024-12-17,11,1176.41,3.6363636363636362,11,380,714,1,4,3,143,2.5,0,-0.0821,-1.0882,0.7365,False,0.472,31.71,0.05,0.95,0.28,27.84,High,At-Risk Customers,Critical (Win Back Immediately),"Urgent win-back campaigns, personalized reactivation discounts, and satisfaction surveys.",SMS Alert + Re-engagement Email Series,20% - 25% Time-limited reactivation coupon
A000269W,2024-01-31,2025-12-05,13,1843.53,3.6923076923076925,13,27,701,3,4,5,345,3.9000000000000004,3,0.916,-0.6231,-0.1734,False,0.965,520.76,0.69,0.31,4.67,613.14,Medium,Champions (VIPs),High (Preserve & Delight),"Reward loyalty with exclusive early access, VIP beta programs, and personal perks.",Dedicated VIP Email & Personal Concierge,0% - 5% (Focus on exclusivity rather than deep discounts)
A000270A,2024-01-22,2025-08-28,8,1322.19,3.875,8,126,710,2,3,4,234,2.9,0,0.1069,-0.4658,0.5244,False,0.718,205.12,0.516,0.484,2.12,324.79,Medium,Hibernating / Casuals,Low (Low Touch),Automated low-cost liquidation campaigns or seasonal clearance alerts.,Mass Marketing / Retargeting Ads,Standard clearance promos (avoid expensive direct sales outreach)
A000271B,2024-01-05,2025-06-24,3,250.29000000000002,3.6666666666666665,3,191,727,2,1,1,211,1.4000000000000001,1,-1.8181,0.4002,0.3292,False,0.588,78.87,0.639,0.361,0.96,74.31,Medium,Hibernating / Casuals,Low (Low Touch),Automated low-cost liquidation campaigns or seasonal clearance alerts.,Mass Marketing / Retargeting Ads,Standard clearance promos (avoid expensive direct sales outreach)
A000272R,2024-03-12,2024-03-12,1,35.87,4.0,1,660,660,1,1,1,111,1.0,1,-3.6896,1.5903,0.9485,False,1.852,3.14,0.599,0.401,0.33,11.0,Medium,Hibernating / Casuals,Low (Low Touch),Automated low-cost liquidation campaigns or seasonal clearance alerts.,Mass Marketing / Retargeting Ads,Standard clearance promos (avoid expensive direct sales outreach)
A000273N,2024-11-04,2024-12-20,2,343.63,2.5,2,377,423,1,1,1,111,1.0,1,-2.635,-0.8259,-0.5033,False,1.554,45.69,0.444,0.556,0.77,121.83,Medium,Critical Reviewers,High (Service Recovery),Proactive customer success contact to resolve friction and collect feedback.,Direct Customer Support Outreach,Apology credit / Replacement support voucher
A000274P,2024-11-01,2025-05-20,2,170.81,5.0,2,226,426,2,1,1,211,1.4000000000000001,1,-1.6239,1.9062,1.5952,False,2.101,121.33,0.587,0.413,1.01,79.53,Medium,Hibernating / Casuals,Low (Low Touch),Automated low-cost liquidation campaigns or seasonal clearance alerts.,Mass Marketing / Retargeting Ads,Standard clearance promos (avoid expensive direct sales outreach)
A000275X,2025-08-14,2025-12-31,9,1197.29,3.5555555555555554,9,1,140,5,3,3,533,3.8,2,0.851,0.325,-1.3629,False,0.947,1780.55,0.759,0.241,17.82,2194.45,Low,Champions (VIPs),High (Preserve & Delight),"Reward loyalty with exclusive early access, VIP beta programs, and personal perks.",Dedicated VIP Email & Personal Concierge,0% - 5% (Focus on exclusivity rather than deep discounts)
A000276D,2025-08-29,2025-12-31,6,756.3,3.3333333333333335,6,1,125,5,2,2,522,3.2,2,0.1424,0.5177,-1.6241,False,0.954,1531.44,0.762,0.238,13.34,1557.38,Low,Loyal Customers,High (Nurture & Expand),Upsell higher-tier products and cross-sell accessories in related categories.,Targeted Email Newsletter & In-App Banners,10% on bundles or loyalty point multipliers
A000277R,2024-01-07,2025-02-23,8,1319.92,2.75,8,312,725,2,3,4,234,2.9,0,-0.6875,-1.7387,-0.1811,False,0.96,53.58,0.174,0.826,0.7,107.36,High,Critical Reviewers,High (Service Recovery),Proactive customer success contact to resolve friction and collect feedback.,Direct Customer Support Outreach,Apology credit / Replacement support voucher
A000278Y,2024-03-07,2024-10-22,6,823.51,2.8333333333333335,6,436,665,1,2,2,122,1.6,0,-1.222,-1.4075,-0.022,False,1.056,20.86,0.125,0.875,0.41,52.26,High,At-Risk Customers,Critical (Win Back Immediately),"Urgent win-back campaigns, personalized reactivation discounts, and satisfaction surveys.",SMS Alert + Re-engagement Email Series,20% - 25% Time-limited reactivation coupon
A000279Q,2024-01-09,2024-10-08,12,1210.74,2.75,12,450,723,1,4,3,143,2.5,0,-0.5053,-2.0052,-0.0194,False,1.063,19.22,0.05,0.95,0.3,28.3,High,Critical Reviewers,High (Service Recovery),Proactive customer success contact to resolve friction and collect feedback.,Direct Customer Support Outreach,Apology credit / Replacement support voucher
A000280C,2024-01-28,2025-02-25,11,924.01,3.3636363636363638,11,310,704,2,4,3,243,2.9,0,-0.3345,-1.1818,0.3895,False,0.177,47.45,0.064,0.936,0.37,28.6,High,At-Risk Customers,Critical (Win Back Immediately),"Urgent win-back campaigns, personalized reactivation discounts, and satisfaction surveys.",SMS Alert + Re-engagement Email Series,20% - 25% Time-limited reactivation coupon
A000281C,2024-11-08,2025-12-18,3,457.97999999999996,4.0,3,14,419,4,1,2,412,2.5,2,-0.721,1.1249,-0.3002,False,1.205,618.8,0.754,0.246,1.97,278.51,Low,Potential Loyalists,Medium (Activate),Offer membership/loyalty program onboarding and recommend category bestsellers.,Automated Onboarding Email Drip,10% - 15% on second/third purchase
A000282L,2024-01-10,2025-11-13,12,1349.97,4.0,12,49,722,3,4,4,344,3.6000000000000005,3,0.6996,-0.319,0.3122,False,0.969,342.31,0.634,0.366,3.84,400.49,Medium,Champions (VIPs),High (Preserve & Delight),"Reward loyalty with exclusive early access, VIP beta programs, and personal perks.",Dedicated VIP Email & Personal Concierge,0% - 5% (Focus on exclusivity rather than deep discounts)
A000283V,2024-01-22,2025-12-13,12,1510.96,4.083333333333333,12,19,710,4,4,4,444,4.0,3,1.0098,-0.0476,0.0457,False,0.599,466.84,0.72,0.28,4.44,517.64,Low,Champions (VIPs),High (Preserve & Delight),"Reward loyalty with exclusive early access, VIP beta programs, and personal perks.",Dedicated VIP Email & Personal Concierge,0% - 5% (Focus on exclusivity rather than deep discounts)
A000284E,2025-09-03,2025-12-28,26,3266.45,4.730769230769231,26,4,120,5,5,5,555,5.0,3,2.7548,0.1748,0.219,False,1.172,4334.25,0.678,0.322,35.33,4110.17,Medium,Champions (VIPs),High (Preserve & Delight),"Reward loyalty with exclusive early access, VIP beta programs, and personal perks.",Dedicated VIP Email & Personal Concierge,0% - 5% (Focus on exclusivity rather than deep discounts)
A000285C,2025-08-29,2025-12-31,6,861.95,3.1666666666666665,6,1,125,5,2,3,523,3.5,2,0.1346,0.3085,-1.772,False,1.175,1604.88,0.762,0.238,13.34,1774.93,Low,Loyal Customers,High (Nurture & Expand),Upsell higher-tier products and cross-sell accessories in related categories.,Targeted Email Newsletter & In-App Banners,10% on bundles or loyalty point multipliers
A000286E,2025-09-02,2025-12-23,28,3988.39,4.321428571428571,28,9,121,4,5,5,455,4.6,3,2.5734,-0.5111,0.1194,False,1.09,5713.46,0.543,0.457,28.3,3732.61,Medium,Champions (VIPs),High (Preserve & Delight),"Reward loyalty with exclusive early access, VIP beta programs, and personal perks.",Dedicated VIP Email & Personal Concierge,0% - 5% (Focus on exclusivity rather than deep discounts)
A000287J,2025-07-17,2025-12-07,4,494.42999999999995,3.0,4,25,168,3,2,2,322,2.4000000000000004,2,-1.1345,-0.0985,-1.0027,False,1.8,1047.79,0.673,0.327,5.85,669.83,Medium,Potential Loyalists,Medium (Activate),Offer membership/loyalty program onboarding and recommend category bestsellers.,Automated Onboarding Email Drip,10% - 15% on second/third purchase
A000288V,2025-09-15,2025-10-22,4,313.88,4.25,4,71,108,3,2,1,321,2.1,1,-0.9664,0.9748,0.5282,False,1.508,806.44,0.288,0.712,3.9,283.16,High,Potential Loyalists,Medium (Activate),Offer membership/loyalty program onboarding and recommend category bestsellers.,Automated Onboarding Email Drip,10% - 15% on second/third purchase
A000289W,2024-05-03,2025-10-28,8,1135.4,4.25,8,65,608,3,3,3,333,3.0,0,0.3523,0.1178,0.6148,False,1.345,368.43,0.626,0.374,3.01,395.19,Medium,Loyal Customers,High (Nurture & Expand),Upsell higher-tier products and cross-sell accessories in related categories.,Targeted Email Newsletter & In-App Banners,10% on bundles or loyalty point multipliers
A000290U,2025-07-15,2025-12-31,8,677.3100000000001,4.0,8,1,170,5,3,2,532,3.5,2,0.6445,1.0366,-0.9895,False,0.394,1321.72,0.762,0.238,13.08,1025.71,Low,Champions (VIPs),High (Preserve & Delight),"Reward loyalty with exclusive early access, VIP beta programs, and personal perks.",Dedicated VIP Email & Personal Concierge,0% - 5% (Focus on exclusivity rather than deep discounts)
A000291T,2025-09-05,2025-12-23,23,2963.72,4.3478260869565215,23,9,118,4,5,5,455,4.6,3,2.2413,-0.2534,0.1124,False,0.682,3711.43,0.543,0.457,28.3,3376.62,Medium,Champions (VIPs),High (Preserve & Delight),"Reward loyalty with exclusive early access, VIP beta programs, and personal perks.",Dedicated VIP Email & Personal Concierge,0% - 5% (Focus on exclusivity rather than deep discounts)
A000292Y,2025-09-06,2025-12-28,18,2853.11,4.555555555555555,18,4,117,5,5,5,555,5.0,3,2.2771,0.269,0.0215,False,0.741,3727.15,0.678,0.322,35.33,5185.65,Medium,Champions (VIPs),High (Preserve & Delight),"Reward loyalty with exclusive early access, VIP beta programs, and personal perks.",Dedicated VIP Email & Personal Concierge,0% - 5% (Focus on exclusivity rather than deep discounts)
A000293L,2024-12-08,2024-12-08,1,30.97,3.0,1,389,389,1,1,1,111,1.0,1,-4.1996,0.8719,-0.1964,False,1.898,39.73,0.599,0.401,0.56,16.11,Medium,Hibernating / Casuals,Low (Low Touch),Automated low-cost liquidation campaigns or seasonal clearance alerts.,Mass Marketing / Retargeting Ads,Standard clearance promos (avoid expensive direct sales outreach)
A000294N,2024-01-27,2025-12-20,15,1362.71,3.8666666666666667,15,12,705,4,5,4,454,4.3,3,1.0991,-0.2049,-0.3128,False,0.696,460.22,0.73,0.27,5.67,477.02,Low,Champions (VIPs),High (Preserve & Delight),"Reward loyalty with exclusive early access, VIP beta programs, and personal perks.",Dedicated VIP Email & Personal Concierge,0% - 5% (Focus on exclusivity rather than deep discounts)
A000295V,2025-09-07,2025-12-25,26,3361.14,4.346153846153846,26,7,116,4,5,5,455,4.6,3,2.4668,-0.3158,0.0415,False,0.919,4467.72,0.599,0.401,31.22,3736.67,Medium,Champions (VIPs),High (Preserve & Delight),"Reward loyalty with exclusive early access, VIP beta programs, and personal perks.",Dedicated VIP Email & Personal Concierge,0% - 5% (Focus on exclusivity rather than deep discounts)
A000296S,2025-09-07,2025-12-31,5,829.56,3.6,5,1,116,5,2,2,522,3.2,2,0.2107,0.8099,-1.3807,False,0.635,1620.99,0.762,0.238,11.99,1842.49,Low,Loyal Customers,High (Nurture & Expand),Upsell higher-tier products and cross-sell accessories in related categories.,Targeted Email Newsletter & In-App Banners,10% on bundles or loyalty point multipliers
A000297K,2024-01-14,2025-01-11,11,876.36,3.272727272727273,11,355,718,1,4,3,143,2.5,0,-0.4448,-1.2785,0.3531,False,0.296,32.77,0.05,0.95,0.28,20.63,High,At-Risk Customers,Critical (Win Back Immediately),"Urgent win-back campaigns, personalized reactivation discounts, and satisfaction surveys.",SMS Alert + Re-engagement Email Series,20% - 25% Time-limited reactivation coupon
A000298Q,2024-08-31,2025-08-07,11,1274.21,4.090909090909091,11,147,488,2,4,4,244,3.2,0,0.4122,-0.4536,0.8036,False,1.03,289.46,0.19,0.81,1.56,167.56,High,Hibernating / Casuals,Low (Low Touch),Automated low-cost liquidation campaigns or seasonal clearance alerts.,Mass Marketing / Retargeting Ads,Standard clearance promos (avoid expensive direct sales outreach)
A000299S,2024-07-02,2024-11-08,5,558.52,2.4,5,419,548,1,2,2,122,1.6,0,-1.8177,-1.5427,-0.4766,False,1.791,27.62,0.135,0.865,0.45,46.46,High,Critical Reviewers,High (Service Recovery),Proactive customer success contact to resolve friction and collect feedback.,Direct Customer Support Outreach,Apology credit / Replacement support voucher
A000300V,2025-09-04,2025-12-11,14,1709.39,4.571428571428571,14,21,119,4,4,4,444,4.0,3,1.449,0.2427,0.5561,False,0.522,2008.03,0.315,0.685,13.53,1529.63,High,Champions (VIPs),High (Preserve & Delight),"Reward loyalty with exclusive early access, VIP beta programs, and personal perks.",Dedicated VIP Email & Personal Concierge,0% - 5% (Focus on exclusivity rather than deep discounts)
A000301P,2025-09-11,2025-12-30,25,3176.58,4.4,25,2,112,5,5,5,555,5.0,3,2.6377,0.0393,-0.2902,False,1.119,4317.79,0.725,0.275,37.82,4450.11,Low,Champions (VIPs),High (Preserve & Delight),"Reward loyalty with exclusive early access, VIP beta programs, and personal perks.",Dedicated VIP Email & Personal Concierge,0% - 5% (Focus on exclusivity rather than deep discounts)
A000302D,2025-08-22,2025-12-31,6,764.83,4.333333333333333,6,1,132,5,2,2,522,3.2,2,0.6834,1.4323,-0.6892,False,0.648,1512.12,0.762,0.238,12.64,1492.14,Low,Loyal Customers,High (Nurture & Expand),Upsell higher-tier products and cross-sell accessories in related categories.,Targeted Email Newsletter & In-App Banners,10% on bundles or loyalty point multipliers
A000303Y,2025-09-23,2025-12-31,4,460.40000000000003,4.25,4,1,100,5,2,2,522,3.2,2,0.0365,1.7617,-0.822,False,0.946,1433.62,0.763,0.237,11.14,1186.88,Low,Potential Loyalists,Medium (Activate),Offer membership/loyalty program onboarding and recommend category bestsellers.,Automated Onboarding Email Drip,10% - 15% on second/third purchase
A000304D,2024-01-18,2025-01-15,12,1898.19,3.0833333333333335,12,351,714,1,4,5,145,3.1,0,0.0052,-1.8255,0.224,False,0.869,53.35,0.05,0.95,0.31,44.92,High,At-Risk Customers,Critical (Win Back Immediately),"Urgent win-back campaigns, personalized reactivation discounts, and satisfaction surveys.",SMS Alert + Re-engagement Email Series,20% - 25% Time-limited reactivation coupon
A000305W,2024-01-04,2025-01-10,7,988.89,3.5714285714285716,7,356,728,1,2,3,123,1.9,0,-0.5569,-0.8286,0.6108,False,0.427,33.84,0.177,0.823,0.62,81.15,High,At-Risk Customers,Critical (Win Back Immediately),"Urgent win-back campaigns, personalized reactivation discounts, and satisfaction surveys.",SMS Alert + Re-engagement Email Series,20% - 25% Time-limited reactivation coupon
A000306W,2024-02-19,2025-06-21,2,442.85,5.0,2,194,682,2,1,2,212,1.7000000000000002,1,-1.0012,1.5398,1.5938,False,2.205,93.8,0.678,0.322,0.73,148.8,Medium,Hibernating / Casuals,Low (Low Touch),Automated low-cost liquidation campaigns or seasonal clearance alerts.,Mass Marketing / Retargeting Ads,Standard clearance promos (avoid expensive direct sales outreach)
A000307T,2025-09-03,2025-12-31,7,724.03,4.285714285714286,7,1,120,5,2,2,522,3.2,2,0.7379,1.3369,-0.7272,False,0.597,1522.75,0.76,0.24,16.18,1549.98,Low,Loyal Customers,High (Nurture & Expand),Upsell higher-tier products and cross-sell accessories in related categories.,Targeted Email Newsletter & In-App Banners,10% on bundles or loyalty point multipliers
A000308Z,2024-01-27,2025-08-07,11,1584.65,3.909090909090909,11,147,705,2,4,4,244,3.2,0,0.4506,-0.7142,0.6468,False,0.875,199.29,0.346,0.654,1.97,263.14,High,Hibernating / Casuals,Low (Low Touch),Automated low-cost liquidation campaigns or seasonal clearance alerts.,Mass Marketing / Retargeting Ads,Standard clearance promos (avoid expensive direct sales outreach)
A000309G,2024-01-20,2024-11-18,6,701.65,4.333333333333333,6,409,712,1,2,2,122,1.6,0,-0.5068,0.057,1.3453,False,1.497,21.39,0.174,0.826,0.54,57.96,High,At-Risk Customers,Critical (Win Back Immediately),"Urgent win-back campaigns, personalized reactivation discounts, and satisfaction surveys.",SMS Alert + Re-engagement Email Series,20% - 25% Time-limited reactivation coupon
A000310P,2024-06-04,2025-12-28,15,2087.19,4.2,15,4,576,5,5,5,555,5.0,3,1.7462,0.1725,-0.342,False,0.528,909.38,0.753,0.247,7.16,922.61,Low,Champions (VIPs),High (Preserve & Delight),"Reward loyalty with exclusive early access, VIP beta programs, and personal perks.",Dedicated VIP Email & Personal Concierge,0% - 5% (Focus on exclusivity rather than deep discounts)
A000311Q,2025-08-20,2025-12-31,6,718.56,4.5,6,1,134,5,2,2,522,3.2,2,0.7337,1.6122,-0.5372,False,0.857,1474.46,0.762,0.238,12.46,1381.13,Low,Loyal Customers,High (Nurture & Expand),Upsell higher-tier products and cross-sell accessories in related categories.,Targeted Email Newsletter & In-App Banners,10% on bundles or loyalty point multipliers
A000312H,2025-09-08,2025-12-27,24,3549.07,4.5,24,5,115,4,5,5,455,4.6,3,2.5786,-0.0781,0.0726,False,0.98,4967.48,0.652,0.348,34.01,4656.21,Medium,Champions (VIPs),High (Preserve & Delight),"Reward loyalty with exclusive early access, VIP beta programs, and personal perks.",Dedicated VIP Email & Personal Concierge,0% - 5% (Focus on exclusivity rather than deep discounts)
A000313P,2025-09-03,2025-12-12,18,2453.56,4.666666666666667,18,20,120,4,5,5,455,4.6,3,1.9362,0.0551,0.6662,False,0.636,2770.69,0.252,0.748,13.16,1661.23,High,Champions (VIPs),High (Preserve & Delight),"Reward loyalty with exclusive early access, VIP beta programs, and personal perks.",Dedicated VIP Email & Personal Concierge,0% - 5% (Focus on exclusivity rather than deep discounts)
A000314L,2024-04-05,2025-07-28,3,364.65999999999997,3.3333333333333335,3,157,636,2,1,1,211,1.4000000000000001,1,-1.7212,-0.0153,-0.0344,False,0.882,130.51,0.647,0.353,1.11,125.45,Medium,Hibernating / Casuals,Low (Low Touch),Automated low-cost liquidation campaigns or seasonal clearance alerts.,Mass Marketing / Retargeting Ads,Standard clearance promos (avoid expensive direct sales outreach)
A000315Q,2024-01-18,2025-06-30,3,314.01,3.6666666666666665,3,185,714,2,1,1,211,1.4000000000000001,1,-1.6708,0.3118,0.3306,False,0.751,87.25,0.641,0.359,0.98,95.22,Medium,Hibernating / Casuals,Low (Low Touch),Automated low-cost liquidation campaigns or seasonal clearance alerts.,Mass Marketing / Retargeting Ads,Standard clearance promos (avoid expensive direct sales outreach)
A000316N,2024-03-13,2025-01-14,12,1693.03,3.5833333333333335,12,352,659,1,4,4,144,2.8,0,0.2005,-1.3176,0.6854,False,0.687,55.06,0.05,0.95,0.33,43.41,High,At-Risk Customers,Critical (Win Back Immediately),"Urgent win-back campaigns, personalized reactivation discounts, and satisfaction surveys.",SMS Alert + Re-engagement Email Series,20% - 25% Time-limited reactivation coupon
A000317P,2025-08-10,2025-12-31,4,545.98,4.0,4,1,144,5,2,2,522,3.2,2,0.0088,1.459,-1.0454,False,0.736,1342.54,0.765,0.235,7.75,979.69,Low,Potential Loyalists,Medium (Activate),Offer membership/loyalty program onboarding and recommend category bestsellers.,Automated Onboarding Email Drip,10% - 15% on second/third purchase
A000318Z,2024-01-14,2025-12-02,14,1514.6299999999999,4.071428571428571,14,30,718,3,4,4,344,3.6000000000000005,3,1.0335,-0.2562,0.2131,False,0.623,422.09,0.675,0.325,4.81,481.41,Medium,Champions (VIPs),High (Preserve & Delight),"Reward loyalty with exclusive early access, VIP beta programs, and personal perks.",Dedicated VIP Email & Personal Concierge,0% - 5% (Focus on exclusivity rather than deep discounts)
A000319D,2024-01-06,2025-06-15,12,1419.3400000000001,3.8333333333333335,12,200,726,2,4,4,244,3.2,0,0.3446,-0.8628,0.6926,False,0.761,121.11,0.191,0.809,1.15,126.09,High,At-Risk Customers,Critical (Win Back Immediately),"Urgent win-back campaigns, personalized reactivation discounts, and satisfaction surveys.",SMS Alert + Re-engagement Email Series,20% - 25% Time-limited reactivation coupon
A000320L,2024-01-03,2025-10-18,13,1909.24,4.0,13,75,729,3,4,5,345,3.9000000000000004,3,0.8889,-0.6201,0.4988,False,1.005,358.33,0.532,0.468,3.47,471.29,Medium,Loyal Customers,High (Nurture & Expand),Upsell higher-tier products and cross-sell accessories in related categories.,Targeted Email Newsletter & In-App Banners,10% on bundles or loyalty point multipliers
A000321P,2025-09-06,2025-12-31,6,893.84,4.166666666666667,6,1,117,5,2,3,523,3.5,2,0.6912,1.2123,-0.8356,False,0.476,1658.68,0.761,0.239,14.25,1965.22,Low,Loyal Customers,High (Nurture & Expand),Upsell higher-tier products and cross-sell accessories in related categories.,Targeted Email Newsletter & In-App Banners,10% on bundles or loyalty point multipliers
A000322L,2024-04-01,2025-03-13,9,1289.14,3.3333333333333335,9,294,640,2,3,4,234,2.9,0,-0.2881,-1.2357,0.3475,False,0.218,73.03,0.108,0.892,0.56,73.77,High,At-Risk Customers,Critical (Win Back Immediately),"Urgent win-back campaigns, personalized reactivation discounts, and satisfaction surveys.",SMS Alert + Re-engagement Email Series,20% - 25% Time-limited reactivation coupon
A000323X,2024-04-09,2024-11-06,5,394.77,3.4,5,421,632,1,2,1,121,1.3,0,-1.5,-0.4762,0.4387,False,1.319,20.78,0.188,0.812,0.54,39.64,High,At-Risk Customers,Critical (Win Back Immediately),"Urgent win-back campaigns, personalized reactivation discounts, and satisfaction surveys.",SMS Alert + Re-engagement Email Series,20% - 25% Time-limited reactivation coupon
A000324J,2024-02-09,2025-12-31,11,1302.6,4.090909090909091,11,1,692,5,4,4,544,4.4,2,1.345,0.6787,-0.8443,False,1.006,505.5,0.766,0.234,4.45,487.47,Low,Champions (VIPs),High (Preserve & Delight),"Reward loyalty with exclusive early access, VIP beta programs, and personal perks.",Dedicated VIP Email & Personal Concierge,0% - 5% (Focus on exclusivity rather than deep discounts)
A000325M,2024-01-18,2024-11-20,3,495.40999999999997,2.6666666666666665,3,407,714,1,1,2,112,1.2999999999999998,1,-2.0897,-1.0108,-0.2754,False,1.644,19.89,0.458,0.542,0.7,107.42,Medium,Critical Reviewers,High (Service Recovery),Proactive customer success contact to resolve friction and collect feedback.,Direct Customer Support Outreach,Apology credit / Replacement support voucher
A000326E,2024-01-02,2025-02-26,14,1429.8,3.142857142857143,14,309,730,2,4,4,244,3.2,0,0.0101,-1.6961,0.2244,False,0.752,55.71,0.05,0.95,0.35,33.1,High,At-Risk Customers,Critical (Win Back Immediately),"Urgent win-back campaigns, personalized reactivation discounts, and satisfaction surveys.",SMS Alert + Re-engagement Email Series,20% - 25% Time-limited reactivation coupon
A000327X,2025-07-26,2025-12-31,4,495.33000000000004,4.25,4,1,159,5,2,2,522,3.2,2,0.0819,1.7305,-0.8177,False,0.901,1267.18,0.765,0.235,7.02,805.35,Low,Potential Loyalists,Medium (Activate),Offer membership/loyalty program onboarding and recommend category bestsellers.,Automated Onboarding Email Drip,10% - 15% on second/third purchase
A000328R,2024-03-28,2025-02-28,9,1099.07,2.3333333333333335,9,307,644,2,3,3,233,2.5999999999999996,0,-0.9305,-2.0983,-0.5798,False,1.541,60.7,0.097,0.903,0.49,55.88,High,Critical Reviewers,High (Service Recovery),Proactive customer success contact to resolve friction and collect feedback.,Direct Customer Support Outreach,Apology credit / Replacement support voucher
A000329C,2025-08-19,2025-12-09,8,1262.86,3.75,8,23,135,3,3,4,334,3.3,2,0.3674,-0.1191,-0.2336,False,1.129,1594.31,0.527,0.473,11.41,1667.3,Medium,Champions (VIPs),High (Preserve & Delight),"Reward loyalty with exclusive early access, VIP beta programs, and personal perks.",Dedicated VIP Email & Personal Concierge,0% - 5% (Focus on exclusivity rather than deep discounts)
A000330C,2024-01-09,2025-12-12,16,2196.14,4.0,16,20,723,4,5,5,455,4.6,3,1.4164,-0.4479,0.0286,False,0.48,601.54,0.7,0.3,5.65,718.31,Low,Champions (VIPs),High (Preserve & Delight),"Reward loyalty with exclusive early access, VIP beta programs, and personal perks.",Dedicated VIP Email & Personal Concierge,0% - 5% (Focus on exclusivity rather than deep discounts)
A000331C,2024-01-01,2025-12-24,16,1531.6,3.9375,16,8,731,4,5,4,454,4.3,3,1.3399,-0.1263,-0.3761,False,0.58,478.33,0.743,0.257,5.93,525.89,Low,Champions (VIPs),High (Preserve & Delight),"Reward loyalty with exclusive early access, VIP beta programs, and personal perks.",Dedicated VIP Email & Personal Concierge,0% - 5% (Focus on exclusivity rather than deep discounts)
A000332C,2024-02-06,2025-02-23,7,908.81,2.7142857142857144,7,312,695,2,2,3,223,2.3,0,-1.0391,-1.5456,-0.2454,False,1.069,48.07,0.212,0.788,0.78,93.61,High,Critical Reviewers,High (Service Recovery),Proactive customer success contact to resolve friction and collect feedback.,Direct Customer Support Outreach,Apology credit / Replacement support voucher
A000333P,2025-09-19,2025-12-28,12,1379.54,4.166666666666667,12,4,104,4,4,4,444,4.0,3,1.2938,0.4358,-0.4131,False,0.771,2037.91,0.697,0.303,29.33,3122.5,Medium,Champions (VIPs),High (Preserve & Delight),"Reward loyalty with exclusive early access, VIP beta programs, and personal perks.",Dedicated VIP Email & Personal Concierge,0% - 5% (Focus on exclusivity rather than deep discounts)
A000334D,2025-09-08,2025-12-30,16,2053.0,4.75,16,2,115,5,5,5,555,5.0,3,2.1905,0.7867,-0.0204,False,1.007,2680.49,0.727,0.273,36.9,4383.79,Low,Champions (VIPs),High (Preserve & Delight),"Reward loyalty with exclusive early access, VIP beta programs, and personal perks.",Dedicated VIP Email & Personal Concierge,0% - 5% (Focus on exclusivity rather than deep discounts)
A000335Z,2025-09-04,2025-12-25,23,3360.42,4.086956521739131,23,7,119,4,5,5,455,4.6,3,2.2277,-0.4878,-0.2093,False,0.853,4477.11,0.599,0.401,31.22,4223.16,Medium,Champions (VIPs),High (Preserve & Delight),"Reward loyalty with exclusive early access, VIP beta programs, and personal perks.",Dedicated VIP Email & Personal Concierge,0% - 5% (Focus on exclusivity rather than deep discounts)
A000336Z,2025-09-04,2025-12-27,13,1567.98,4.6923076923076925,13,5,119,4,4,4,444,4.0,3,1.6784,0.7743,0.1609,False,0.795,2116.94,0.682,0.318,27.19,3037.06,Medium,Champions (VIPs),High (Preserve & Delight),"Reward loyalty with exclusive early access, VIP beta programs, and personal perks.",Dedicated VIP Email & Personal Concierge,0% - 5% (Focus on exclusivity rather than deep discounts)
A000337M,2025-07-08,2025-07-25,2,302.07,3.0,2,160,177,2,1,1,211,1.4000000000000001,1,-2.2656,-0.0847,-0.3709,False,0.842,367.36,0.439,0.561,1.81,253.05,Medium,Hibernating / Casuals,Low (Low Touch),Automated low-cost liquidation campaigns or seasonal clearance alerts.,Mass Marketing / Retargeting Ads,Standard clearance promos (avoid expensive direct sales outreach)
A000338E,2024-05-10,2025-03-13,10,1200.5,3.4,10,294,601,2,3,3,233,2.5999999999999996,0,-0.2154,-1.1975,0.4125,False,0.217,76.73,0.062,0.938,0.38,41.98,High,At-Risk Customers,Critical (Win Back Immediately),"Urgent win-back campaigns, personalized reactivation discounts, and satisfaction surveys.",SMS Alert + Re-engagement Email Series,20% - 25% Time-limited reactivation coupon
A000339T,2025-09-11,2025-12-31,8,1147.25,4.25,8,1,112,5,3,3,533,3.8,2,1.1054,1.041,-0.7244,False,0.763,1866.04,0.758,0.242,19.77,2624.79,Low,Champions (VIPs),High (Preserve & Delight),"Reward loyalty with exclusive early access, VIP beta programs, and personal perks.",Dedicated VIP Email & Personal Concierge,0% - 5% (Focus on exclusivity rather than deep discounts)
A000340B,2025-09-02,2025-12-22,20,2239.46,4.65,20,10,121,4,5,5,455,4.6,3,2.0941,0.1942,0.4047,False,0.602,2679.75,0.514,0.486,26.82,2780.26,Medium,Champions (VIPs),High (Preserve & Delight),"Reward loyalty with exclusive early access, VIP beta programs, and personal perks.",Dedicated VIP Email & Personal Concierge,0% - 5% (Focus on exclusivity rather than deep discounts)
A000341U,2025-09-17,2025-12-31,5,565.48,3.4,5,1,106,5,2,2,522,3.2,2,-0.1342,0.7899,-1.5905,False,0.964,1476.25,0.762,0.238,13.11,1373.38,Low,Loyal Customers,High (Nurture & Expand),Upsell higher-tier products and cross-sell accessories in related categories.,Targeted Email Newsletter & In-App Banners,10% on bundles or loyalty point multipliers
A000342T,2025-08-02,2025-09-20,4,488.24,3.25,4,103,152,3,2,2,322,2.4000000000000004,1,-1.3048,-0.231,-0.2387,False,1.381,627.44,0.275,0.725,2.64,298.74,High,Hibernating / Casuals,Low (Low Touch),Automated low-cost liquidation campaigns or seasonal clearance alerts.,Mass Marketing / Retargeting Ads,Standard clearance promos (avoid expensive direct sales outreach)
A000343T,2024-02-10,2025-10-24,15,1824.32,3.8,15,69,691,3,5,5,355,4.2,3,0.8854,-0.8377,0.2875,False,1.101,391.14,0.5,0.5,3.97,446.52,Medium,Loyal Customers,High (Nurture & Expand),Upsell higher-tier products and cross-sell accessories in related categories.,Targeted Email Newsletter & In-App Banners,10% on bundles or loyalty point multipliers
A000344L,2025-06-27,2025-12-31,6,743.5699999999999,3.3333333333333335,6,1,188,5,2,2,522,3.2,2,0.1319,0.5249,-1.6251,False,0.954,1312.92,0.764,0.236,8.9,1021.17,Low,Loyal Customers,High (Nurture & Expand),Upsell higher-tier products and cross-sell accessories in related categories.,Targeted Email Newsletter & In-App Banners,10% on bundles or loyalty point multipliers
A000345X,2024-01-29,2025-08-24,9,1107.06,3.7777777777777777,9,130,703,2,3,3,233,2.5999999999999996,0,0.028,-0.5466,0.4425,False,0.59,183.73,0.467,0.533,2.18,248.64,Medium,Hibernating / Casuals,Low (Low Touch),Automated low-cost liquidation campaigns or seasonal clearance alerts.,Mass Marketing / Retargeting Ads,Standard clearance promos (avoid expensive direct sales outreach)
A000346D,2024-01-07,2025-01-14,12,1169.71,3.3333333333333335,12,352,725,1,4,3,143,2.5,0,-0.1628,-1.3891,0.4297,False,0.409,37.38,0.05,0.95,0.3,27.26,High,At-Risk Customers,Critical (Win Back Immediately),"Urgent win-back campaigns, personalized reactivation discounts, and satisfaction surveys.",SMS Alert + Re-engagement Email Series,20% - 25% Time-limited reactivation coupon
A000347P,2024-01-27,2025-02-12,13,1449.53,3.6153846153846154,13,323,705,1,4,4,144,2.8,0,0.2027,-1.2405,0.6786,False,0.656,54.2,0.05,0.95,0.34,34.74,High,At-Risk Customers,Critical (Win Back Immediately),"Urgent win-back campaigns, personalized reactivation discounts, and satisfaction surveys.",SMS Alert + Re-engagement Email Series,20% - 25% Time-limited reactivation coupon
A000348M,2025-09-12,2025-11-27,14,2141.93,4.142857142857143,14,35,111,3,4,5,345,3.9000000000000004,3,1.2552,-0.3786,0.3579,False,0.551,2246.65,0.089,0.911,4.08,577.45,High,Champions (VIPs),High (Preserve & Delight),"Reward loyalty with exclusive early access, VIP beta programs, and personal perks.",Dedicated VIP Email & Personal Concierge,0% - 5% (Focus on exclusivity rather than deep discounts)
A000349X,2024-04-21,2025-11-19,14,1579.83,4.214285714285714,14,43,620,3,4,4,344,3.6000000000000005,3,1.0612,-0.2358,0.4833,False,0.683,499.47,0.604,0.396,4.98,520.36,Medium,Champions (VIPs),High (Preserve & Delight),"Reward loyalty with exclusive early access, VIP beta programs, and personal perks.",Dedicated VIP Email & Personal Concierge,0% - 5% (Focus on exclusivity rather than deep discounts)
A000350P,2024-05-17,2025-02-28,14,1449.98,3.7142857142857144,14,307,594,2,4,4,244,3.2,0,0.3254,-1.175,0.7567,False,0.778,78.52,0.05,0.95,0.43,41.25,High,At-Risk Customers,Critical (Win Back Immediately),"Urgent win-back campaigns, personalized reactivation discounts, and satisfaction surveys.",SMS Alert + Re-engagement Email Series,20% - 25% Time-limited reactivation coupon
A000351Z,2025-08-25,2025-12-31,8,1085.77,3.5,8,1,129,5,3,3,533,3.8,2,0.6706,0.375,-1.4283,False,0.884,1744.63,0.76,0.24,17.19,2160.69,Low,Champions (VIPs),High (Preserve & Delight),"Reward loyalty with exclusive early access, VIP beta programs, and personal perks.",Dedicated VIP Email & Personal Concierge,0% - 5% (Focus on exclusivity rather than deep discounts)
A000352B,2024-03-16,2024-03-16,1,179.05,5.0,1,656,656,1,1,1,111,1.0,1,-2.1679,1.8319,1.9755,False,2.219,3.47,0.599,0.401,0.33,55.23,Medium,Hibernating / Casuals,Low (Low Touch),Automated low-cost liquidation campaigns or seasonal clearance alerts.,Mass Marketing / Retargeting Ads,Standard clearance promos (avoid expensive direct sales outreach)
A000353K,2024-03-12,2025-02-26,11,1653.79,2.3636363636363638,11,309,660,2,4,4,244,3.2,0,-0.5061,-2.3495,-0.5112,False,1.584,73.25,0.051,0.949,0.31,43.34,High,Critical Reviewers,High (Service Recovery),Proactive customer success contact to resolve friction and collect feedback.,Direct Customer Support Outreach,Apology credit / Replacement support voucher
A000354V,2024-01-24,2025-11-24,10,1049.71,3.8,10,38,708,3,3,3,333,3.0,0,0.3469,-0.2355,0.0028,False,1.069,336.67,0.684,0.316,3.52,342.56,Medium,Champions (VIPs),High (Preserve & Delight),"Reward loyalty with exclusive early access, VIP beta programs, and personal perks.",Dedicated VIP Email & Personal Concierge,0% - 5% (Focus on exclusivity rather than deep discounts)
A000355K,2025-09-11,2025-12-24,15,1655.25,4.533333333333333,15,8,112,4,5,4,454,4.3,3,1.6546,0.4223,0.1808,False,0.445,2176.58,0.585,0.415,28.59,2921.36,Medium,Champions (VIPs),High (Preserve & Delight),"Reward loyalty with exclusive early access, VIP beta programs, and personal perks.",Dedicated VIP Email & Personal Concierge,0% - 5% (Focus on exclusivity rather than deep discounts)
A000356M,2024-01-14,2025-03-08,14,1593.75,3.142857142857143,14,299,718,2,4,4,244,3.2,0,0.0846,-1.7339,0.2184,False,0.82,66.12,0.05,0.95,0.36,37.51,High,At-Risk Customers,Critical (Win Back Immediately),"Urgent win-back campaigns, personalized reactivation discounts, and satisfaction surveys.",SMS Alert + Re-engagement Email Series,20% - 25% Time-limited reactivation coupon
A000357D,2025-09-16,2025-12-20,13,1699.1799999999998,4.615384615384615,13,12,107,4,4,4,444,4.0,3,1.5221,0.464,0.3901,False,0.553,2197.31,0.508,0.492,22.55,2728.6,Medium,Champions (VIPs),High (Preserve & Delight),"Reward loyalty with exclusive early access, VIP beta programs, and personal perks.",Dedicated VIP Email & Personal Concierge,0% - 5% (Focus on exclusivity rather than deep discounts)
A000358U,2025-08-05,2025-12-31,9,1152.36,4.222222222222222,9,1,149,5,3,3,533,3.8,2,1.1833,0.9543,-0.7423,False,0.826,1708.84,0.76,0.24,16.75,1986.0,Low,Champions (VIPs),High (Preserve & Delight),"Reward loyalty with exclusive early access, VIP beta programs, and personal perks.",Dedicated VIP Email & Personal Concierge,0% - 5% (Focus on exclusivity rather than deep discounts)
A000359S,2024-04-22,2024-07-27,3,497.44,4.0,3,523,619,1,1,2,112,1.2999999999999998,1,-1.4285,0.1469,1.0664,False,1.353,11.03,0.304,0.696,0.54,82.6,High,Hibernating / Casuals,Low (Low Touch),Automated low-cost liquidation campaigns or seasonal clearance alerts.,Mass Marketing / Retargeting Ads,Standard clearance promos (avoid expensive direct sales outreach)
A000360G,2025-08-09,2025-12-31,6,260.47,3.3333333333333335,6,1,145,5,2,1,521,2.9,2,-0.519,0.9733,-1.6878,False,1.277,1172.7,0.763,0.237,11.52,462.96,Low,Loyal Customers,High (Nurture & Expand),Upsell higher-tier products and cross-sell accessories in related categories.,Targeted Email Newsletter & In-App Banners,10% on bundles or loyalty point multipliers
A000361E,2024-04-25,2025-11-03,8,1093.6000000000001,4.125,8,59,616,3,3,3,333,3.0,0,0.2826,0.0442,0.4593,False,1.222,370.19,0.643,0.357,3.05,385.6,Medium,Champions (VIPs),High (Preserve & Delight),"Reward loyalty with exclusive early access, VIP beta programs, and personal perks.",Dedicated VIP Email & Personal Concierge,0% - 5% (Focus on exclusivity rather than deep discounts)
A000362X,2024-02-18,2024-11-10,7,1114.38,2.142857142857143,7,417,683,1,2,3,123,1.9,0,-1.2793,-2.235,-0.6562,False,1.842,25.91,0.098,0.902,0.37,54.07,High,Critical Reviewers,High (Service Recovery),Proactive customer success contact to resolve friction and collect feedback.,Direct Customer Support Outreach,Apology credit / Replacement support voucher
A000363R,2025-08-13,2025-12-25,5,634.91,4.0,5,7,141,4,2,2,422,2.8000000000000003,2,-0.0379,0.9243,-0.4918,False,0.488,1344.14,0.731,0.269,9.47,1112.96,Low,Loyal Customers,High (Nurture & Expand),Upsell higher-tier products and cross-sell accessories in related categories.,Targeted Email Newsletter & In-App Banners,10% on bundles or loyalty point multipliers
A000364H,2025-09-23,2025-12-31,8,1088.28,4.0,8,1,100,5,3,3,533,3.8,2,0.9391,0.8337,-0.9611,False,0.61,1869.97,0.757,0.243,22.1,2784.03,Low,Champions (VIPs),High (Preserve & Delight),"Reward loyalty with exclusive early access, VIP beta programs, and personal perks.",Dedicated VIP Email & Personal Concierge,0% - 5% (Focus on exclusivity rather than deep discounts)
A000365D,2024-01-27,2024-03-05,2,408.08,4.0,2,667,705,1,1,1,111,1.0,1,-1.8489,0.3287,1.1265,False,1.102,3.16,0.422,0.578,0.44,82.59,Medium,Hibernating / Casuals,Low (Low Touch),Automated low-cost liquidation campaigns or seasonal clearance alerts.,Mass Marketing / Retargeting Ads,Standard clearance promos (avoid expensive direct sales outreach)
A000366M,2024-07-22,2025-12-30,10,918.78,4.0,10,2,528,5,3,3,533,3.8,2,0.9186,0.6859,-0.8011,False,0.589,624.91,0.763,0.237,5.28,448.77,Low,Champions (VIPs),High (Preserve & Delight),"Reward loyalty with exclusive early access, VIP beta programs, and personal perks.",Dedicated VIP Email & Personal Concierge,0% - 5% (Focus on exclusivity rather than deep discounts)
A000367T,2024-04-12,2025-06-27,3,545.1700000000001,4.333333333333333,3,188,629,2,1,2,212,1.7000000000000002,1,-0.9759,0.6847,0.9925,False,1.619,115.61,0.618,0.382,1.08,181.14,Medium,Hibernating / Casuals,Low (Low Touch),Automated low-cost liquidation campaigns or seasonal clearance alerts.,Mass Marketing / Retargeting Ads,Standard clearance promos (avoid expensive direct sales outreach)
A000368M,2024-08-19,2025-09-16,3,330.71000000000004,3.6666666666666665,3,107,500,3,1,1,311,1.8000000000000003,1,-1.5226,0.4339,0.1254,False,0.855,251.55,0.665,0.335,1.46,148.69,Medium,Hibernating / Casuals,Low (Low Touch),Automated low-cost liquidation campaigns or seasonal clearance alerts.,Mass Marketing / Retargeting Ads,Standard clearance promos (avoid expensive direct sales outreach)
A000369D,2024-03-09,2025-03-07,13,956.5,4.461538461538462,13,300,663,2,4,3,243,2.9,0,0.4119,-0.265,1.416,False,1.507,56.51,0.05,0.95,0.36,24.38,High,At-Risk Customers,Critical (Win Back Immediately),"Urgent win-back campaigns, personalized reactivation discounts, and satisfaction surveys.",SMS Alert + Re-engagement Email Series,20% - 25% Time-limited reactivation coupon
A000370J,2025-09-07,2025-12-21,16,2120.03,4.4375,16,11,116,4,5,5,455,4.6,3,1.7476,0.1179,0.2207,False,0.218,2586.14,0.497,0.503,25.0,3067.03,Medium,Champions (VIPs),High (Preserve & Delight),"Reward loyalty with exclusive early access, VIP beta programs, and personal perks.",Dedicated VIP Email & Personal Concierge,0% - 5% (Focus on exclusivity rather than deep discounts)
A000371U,2025-09-05,2025-12-28,25,3441.21,4.6,25,4,118,4,5,5,455,4.6,3,2.6852,0.0534,0.0972,False,1.086,4720.4,0.678,0.322,35.33,4503.28,Medium,Champions (VIPs),High (Preserve & Delight),"Reward loyalty with exclusive early access, VIP beta programs, and personal perks.",Dedicated VIP Email & Personal Concierge,0% - 5% (Focus on exclusivity rather than deep discounts)
A000372H,2025-09-13,2025-12-20,23,2733.7400000000002,4.391304347826087,23,12,110,4,5,5,455,4.6,3,2.1583,-0.2484,0.2487,False,0.614,3344.19,0.457,0.543,23.84,2623.93,Medium,Champions (VIPs),High (Preserve & Delight),"Reward loyalty with exclusive early access, VIP beta programs, and personal perks.",Dedicated VIP Email & Personal Concierge,0% - 5% (Focus on exclusivity rather than deep discounts)
A000373P,2025-09-12,2025-12-02,16,2023.86,4.8125,16,30,111,3,5,5,355,4.2,3,1.7163,0.2308,0.932,False,0.847,2194.35,0.097,0.903,5.07,593.69,High,Champions (VIPs),High (Preserve & Delight),"Reward loyalty with exclusive early access, VIP beta programs, and personal perks.",Dedicated VIP Email & Personal Concierge,0% - 5% (Focus on exclusivity rather than deep discounts)
A000374T,2024-02-09,2025-02-27,10,1279.51,4.0,10,308,692,2,3,4,234,2.9,0,0.1347,-0.6854,0.9946,False,0.867,58.13,0.086,0.914,0.45,53.88,High,At-Risk Customers,Critical (Win Back Immediately),"Urgent win-back campaigns, personalized reactivation discounts, and satisfaction surveys.",SMS Alert + Re-engagement Email Series,20% - 25% Time-limited reactivation coupon
A000375V,2025-09-11,2025-12-29,26,3045.5099999999998,4.653846153846154,26,3,112,5,5,5,555,5.0,3,2.7179,0.1933,0.0575,False,1.137,4032.77,0.702,0.298,36.61,3970.4,Low,Champions (VIPs),High (Preserve & Delight),"Reward loyalty with exclusive early access, VIP beta programs, and personal perks.",Dedicated VIP Email & Personal Concierge,0% - 5% (Focus on exclusivity rather than deep discounts)
A000376V,2024-01-02,2025-10-24,12,1466.8400000000001,4.5,12,69,730,3,4,4,344,3.6000000000000005,3,0.9464,0.0159,0.9132,False,1.022,307.43,0.573,0.427,3.44,388.87,Medium,Loyal Customers,High (Nurture & Expand),Upsell higher-tier products and cross-sell accessories in related categories.,Targeted Email Newsletter & In-App Banners,10% on bundles or loyalty point multipliers
A000377X,2024-12-19,2024-12-19,1,182.62,4.0,1,378,378,1,1,1,111,1.0,1,-2.5722,1.05,0.8316,False,0.85,47.11,0.599,0.401,0.58,97.75,Medium,Hibernating / Casuals,Low (Low Touch),Automated low-cost liquidation campaigns or seasonal clearance alerts.,Mass Marketing / Retargeting Ads,Standard clearance promos (avoid expensive direct sales outreach)
A000378W,2025-09-06,2025-12-29,16,1949.08,4.5625,16,3,117,5,5,5,555,5.0,3,1.9966,0.5603,-0.0885,False,0.732,2529.95,0.705,0.295,35.2,3969.86,Low,Champions (VIPs),High (Preserve & Delight),"Reward loyalty with exclusive early access, VIP beta programs, and personal perks.",Dedicated VIP Email & Personal Concierge,0% - 5% (Focus on exclusivity rather than deep discounts)
A000379T,2024-02-12,2025-05-06,2,250.42,3.5,2,240,689,2,1,1,211,1.4000000000000001,1,-2.201,0.348,0.2396,False,0.265,61.33,0.655,0.345,0.69,80.5,Medium,Hibernating / Casuals,Low (Low Touch),Automated low-cost liquidation campaigns or seasonal clearance alerts.,Mass Marketing / Retargeting Ads,Standard clearance promos (avoid expensive direct sales outreach)
A000380A,2024-02-12,2025-12-16,15,2247.65,3.933333333333333,15,16,689,4,5,5,455,4.6,3,1.3885,-0.429,-0.1178,False,0.526,687.88,0.715,0.285,5.68,788.63,Low,Champions (VIPs),High (Preserve & Delight),"Reward loyalty with exclusive early access, VIP beta programs, and personal perks.",Dedicated VIP Email & Personal Concierge,0% - 5% (Focus on exclusivity rather than deep discounts)
A000381V,2025-09-02,2025-12-29,13,1794.05,4.538461538461538,13,3,121,5,4,5,545,4.7,3,1.7665,0.6827,-0.1301,False,0.764,2362.06,0.72,0.28,28.22,3605.53,Low,Champions (VIPs),High (Preserve & Delight),"Reward loyalty with exclusive early access, VIP beta programs, and personal perks.",Dedicated VIP Email & Personal Concierge,0% - 5% (Focus on exclusivity rather than deep discounts)
A000382X,2024-01-06,2025-03-04,11,1450.6299999999999,3.272727272727273,11,303,726,2,4,4,244,3.2,0,-0.0979,-1.4524,0.3228,False,0.479,59.77,0.078,0.922,0.43,52.53,High,At-Risk Customers,Critical (Win Back Immediately),"Urgent win-back campaigns, personalized reactivation discounts, and satisfaction surveys.",SMS Alert + Re-engagement Email Series,20% - 25% Time-limited reactivation coupon
A000383Y,2024-02-28,2025-02-09,5,497.54,4.4,5,326,673,1,2,2,122,1.6,0,-0.7679,0.4119,1.2891,False,1.787,38.48,0.324,0.676,0.88,80.83,High,At-Risk Customers,Critical (Win Back Immediately),"Urgent win-back campaigns, personalized reactivation discounts, and satisfaction surveys.",SMS Alert + Re-engagement Email Series,20% - 25% Time-limited reactivation coupon
A000384J,2024-09-19,2024-10-20,3,163.44,4.333333333333333,3,438,469,1,1,1,111,1.0,1,-1.9025,0.9754,1.2435,False,1.239,24.59,0.261,0.739,0.61,30.73,High,Hibernating / Casuals,Low (Low Touch),Automated low-cost liquidation campaigns or seasonal clearance alerts.,Mass Marketing / Retargeting Ads,Standard clearance promos (avoid expensive direct sales outreach)
A000385A,2024-01-22,2025-03-02,11,1401.93,3.4545454545454546,11,305,710,2,4,4,244,3.2,0,-0.0234,-1.2723,0.4931,False,0.413,59.89,0.07,0.93,0.4,46.99,High,At-Risk Customers,Critical (Win Back Immediately),"Urgent win-back campaigns, personalized reactivation discounts, and satisfaction surveys.",SMS Alert + Re-engagement Email Series,20% - 25% Time-limited reactivation coupon
A000386F,2024-12-15,2024-12-15,1,217.26,4.0,1,382,382,1,1,1,111,1.0,1,-2.467,0.9732,0.846,False,0.799,46.08,0.599,0.401,0.57,115.08,Medium,Hibernating / Casuals,Low (Low Touch),Automated low-cost liquidation campaigns or seasonal clearance alerts.,Mass Marketing / Retargeting Ads,Standard clearance promos (avoid expensive direct sales outreach)
A000387J,2024-02-27,2025-12-02,12,1287.09,4.25,12,30,674,3,4,4,344,3.6000000000000005,3,0.9055,0.0581,0.3597,False,0.738,425.92,0.684,0.316,4.45,441.51,Medium,Champions (VIPs),High (Preserve & Delight),"Reward loyalty with exclusive early access, VIP beta programs, and personal perks.",Dedicated VIP Email & Personal Concierge,0% - 5% (Focus on exclusivity rather than deep discounts)
A000388Y,2024-03-16,2025-05-02,7,798.19,4.142857142857143,7,244,656,2,2,2,222,2.0,0,-0.3045,-0.1117,0.9876,False,1.124,80.88,0.293,0.707,1.14,120.31,High,At-Risk Customers,Critical (Win Back Immediately),"Urgent win-back campaigns, personalized reactivation discounts, and satisfaction surveys.",SMS Alert + Re-engagement Email Series,20% - 25% Time-limited reactivation coupon
A000389K,2024-03-05,2025-02-16,10,1259.71,3.3,10,319,667,1,3,4,134,2.5,0,-0.2562,-1.3316,0.3531,False,0.317,56.58,0.067,0.933,0.37,43.07,High,At-Risk Customers,Critical (Win Back Immediately),"Urgent win-back campaigns, personalized reactivation discounts, and satisfaction surveys.",SMS Alert + Re-engagement Email Series,20% - 25% Time-limited reactivation coupon
A000390L,2025-03-07,2025-04-08,2,268.85,3.0,2,268,300,2,1,1,211,1.4000000000000001,1,-2.4474,-0.1711,-0.1812,False,0.805,126.93,0.443,0.557,1.08,134.15,Medium,Hibernating / Casuals,Low (Low Touch),Automated low-cost liquidation campaigns or seasonal clearance alerts.,Mass Marketing / Retargeting Ads,Standard clearance promos (avoid expensive direct sales outreach)
A000391M,2025-01-07,2025-02-12,2,306.66,2.0,2,323,359,1,1,1,111,1.0,1,-2.9396,-1.1961,-1.0363,False,2.199,76.35,0.44,0.56,0.9,127.14,Medium,Critical Reviewers,High (Service Recovery),Proactive customer success contact to resolve friction and collect feedback.,Direct Customer Support Outreach,Apology credit / Replacement support voucher
A000392A,2025-09-17,2025-12-31,5,491.61,3.8,5,1,106,5,2,2,522,3.2,2,-0.0074,1.2175,-1.2252,False,0.68,1428.69,0.762,0.238,13.11,1193.97,Low,Loyal Customers,High (Nurture & Expand),Upsell higher-tier products and cross-sell accessories in related categories.,Targeted Email Newsletter & In-App Banners,10% on bundles or loyalty point multipliers
A000393F,2024-01-25,2025-11-27,16,1889.38,3.8125,16,35,707,3,5,5,355,4.2,3,1.1076,-0.6989,0.0509,False,0.846,490.7,0.638,0.362,5.27,576.15,Medium,Champions (VIPs),High (Preserve & Delight),"Reward loyalty with exclusive early access, VIP beta programs, and personal perks.",Dedicated VIP Email & Personal Concierge,0% - 5% (Focus on exclusivity rather than deep discounts)
A000394E,2024-02-21,2024-12-26,7,939.59,2.5714285714285716,7,371,680,1,2,3,123,1.9,0,-1.1315,-1.737,-0.3107,False,1.267,33.36,0.135,0.865,0.51,63.16,High,Critical Reviewers,High (Service Recovery),Proactive customer success contact to resolve friction and collect feedback.,Direct Customer Support Outreach,Apology credit / Replacement support voucher
A000395U,2024-03-11,2025-11-10,15,1762.0,4.133333333333334,15,52,661,3,5,5,355,4.2,3,1.1012,-0.4426,0.4902,False,0.75,460.09,0.564,0.436,4.67,507.79,Medium,Champions (VIPs),High (Preserve & Delight),"Reward loyalty with exclusive early access, VIP beta programs, and personal perks.",Dedicated VIP Email & Personal Concierge,0% - 5% (Focus on exclusivity rather than deep discounts)
A000396X,2024-01-17,2025-03-03,2,112.94,4.5,2,304,715,2,1,1,211,1.4000000000000001,1,-2.2095,1.5441,1.2166,False,1.449,34.63,0.627,0.373,0.64,33.48,Medium,Hibernating / Casuals,Low (Low Touch),Automated low-cost liquidation campaigns or seasonal clearance alerts.,Mass Marketing / Retargeting Ads,Standard clearance promos (avoid expensive direct sales outreach)
A000397N,2024-07-15,2025-06-16,2,341.71000000000004,4.0,2,199,535,2,1,1,211,1.4000000000000001,1,-1.7015,0.7245,0.6538,False,0.838,122.4,0.647,0.353,0.88,139.61,Medium,Hibernating / Casuals,Low (Low Touch),Automated low-cost liquidation campaigns or seasonal clearance alerts.,Mass Marketing / Retargeting Ads,Standard clearance promos (avoid expensive direct sales outreach)
A000398C,2025-06-17,2025-12-31,5,490.53,2.8,5,1,198,5,2,2,522,3.2,2,-0.5428,0.2991,-2.1596,False,1.757,1149.92,0.765,0.235,7.05,640.44,Low,Loyal Customers,High (Nurture & Expand),Upsell higher-tier products and cross-sell accessories in related categories.,Targeted Email Newsletter & In-App Banners,10% on bundles or loyalty point multipliers
A000399E,2024-01-12,2025-03-13,11,1362.04,3.4545454545454546,11,294,720,2,4,4,244,3.2,0,-0.0335,-1.2503,0.4774,False,0.386,62.09,0.084,0.916,0.47,53.5,High,At-Risk Customers,Critical (Win Back Immediately),"Urgent win-back campaigns, personalized reactivation discounts, and satisfaction surveys.",SMS Alert + Re-engagement Email Series,20% - 25% Time-limited reactivation coupon
A000400Z,2024-01-05,2025-02-17,10,1058.99,2.8,10,318,727,1,3,3,133,2.1999999999999997,0,-0.6305,-1.7162,-0.1256,False,0.892,45.26,0.091,0.909,0.46,44.89,High,At-Risk Customers,Critical (Win Back Immediately),"Urgent win-back campaigns, personalized reactivation discounts, and satisfaction surveys.",SMS Alert + Re-engagement Email Series,20% - 25% Time-limited reactivation coupon
A000401W,2025-09-02,2025-12-01,19,2221.16,4.2631578947368425,19,31,121,3,5,5,355,4.2,3,1.6127,-0.4139,0.4484,False,0.509,2300.92,0.088,0.912,4.57,494.62,High,Champions (VIPs),High (Preserve & Delight),"Reward loyalty with exclusive early access, VIP beta programs, and personal perks.",Dedicated VIP Email & Personal Concierge,0% - 5% (Focus on exclusivity rather than deep discounts)
A000402A,2024-12-18,2025-03-16,2,233.95000000000002,2.0,2,291,379,2,1,1,211,1.4000000000000001,1,-3.0851,-1.053,-1.0923,False,2.164,88.3,0.493,0.507,0.95,102.82,Medium,Critical Reviewers,High (Service Recovery),Proactive customer success contact to resolve friction and collect feedback.,Direct Customer Support Outreach,Apology credit / Replacement support voucher
A000403C,2025-07-10,2025-12-31,9,1258.78,4.111111111111111,9,1,175,5,3,4,534,4.1,2,1.1788,0.8144,-0.8408,False,0.823,1685.04,0.761,0.239,14.29,1850.28,Low,Champions (VIPs),High (Preserve & Delight),"Reward loyalty with exclusive early access, VIP beta programs, and personal perks.",Dedicated VIP Email & Personal Concierge,0% - 5% (Focus on exclusivity rather than deep discounts)
A000404Z,2025-01-29,2025-04-08,2,446.58,4.0,2,268,337,2,1,2,212,1.7000000000000002,1,-1.5987,0.5315,0.7834,False,0.979,125.88,0.482,0.518,1.04,215.82,Medium,Hibernating / Casuals,Low (Low Touch),Automated low-cost liquidation campaigns or seasonal clearance alerts.,Mass Marketing / Retargeting Ads,Standard clearance promos (avoid expensive direct sales outreach)
A000405S,2024-01-15,2025-11-08,9,1589.02,4.0,9,54,717,3,3,4,334,3.3,3,0.5566,-0.2667,0.3392,False,1.095,375.34,0.659,0.341,3.02,493.4,Medium,Champions (VIPs),High (Preserve & Delight),"Reward loyalty with exclusive early access, VIP beta programs, and personal perks.",Dedicated VIP Email & Personal Concierge,0% - 5% (Focus on exclusivity rather than deep discounts)
A000406G,2024-06-12,2025-09-13,2,288.78999999999996,4.5,2,110,568,3,1,1,311,1.8000000000000003,1,-1.413,1.4123,0.8852,False,1.471,206.66,0.709,0.291,0.91,121.81,Low,Hibernating / Casuals,Low (Low Touch),Automated low-cost liquidation campaigns or seasonal clearance alerts.,Mass Marketing / Retargeting Ads,Standard clearance promos (avoid expensive direct sales outreach)
A000407N,2024-01-14,2025-05-21,7,803.9300000000001,4.428571428571429,7,225,718,2,2,2,222,2.0,0,-0.1302,0.1694,1.224,False,1.501,80.08,0.365,0.635,1.3,138.02,Medium,At-Risk Customers,Critical (Win Back Immediately),"Urgent win-back campaigns, personalized reactivation discounts, and satisfaction surveys.",SMS Alert + Re-engagement Email Series,20% - 25% Time-limited reactivation coupon
A000408P,2025-09-10,2025-12-26,16,2305.42,4.4375,16,6,113,4,5,5,455,4.6,3,1.9148,0.225,0.0192,False,0.41,2928.61,0.627,0.373,32.42,4324.82,Medium,Champions (VIPs),High (Preserve & Delight),"Reward loyalty with exclusive early access, VIP beta programs, and personal perks.",Dedicated VIP Email & Personal Concierge,0% - 5% (Focus on exclusivity rather than deep discounts)
A000409Q,2024-07-16,2025-05-17,3,402.67,3.3333333333333335,3,229,534,2,1,1,211,1.4000000000000001,1,-1.7399,-0.1572,0.1154,False,0.944,101.78,0.543,0.457,1.11,138.28,Medium,Hibernating / Casuals,Low (Low Touch),Automated low-cost liquidation campaigns or seasonal clearance alerts.,Mass Marketing / Retargeting Ads,Standard clearance promos (avoid expensive direct sales outreach)
A000410L,2025-09-04,2025-12-19,23,2573.4700000000003,4.3478260869565215,23,13,119,4,5,5,455,4.6,3,2.0817,-0.2822,0.2329,False,0.558,3028.18,0.429,0.571,22.37,2317.79,Medium,Champions (VIPs),High (Preserve & Delight),"Reward loyalty with exclusive early access, VIP beta programs, and personal perks.",Dedicated VIP Email & Personal Concierge,0% - 5% (Focus on exclusivity rather than deep discounts)
A000411F,2024-02-05,2025-12-31,13,1599.65,4.076923076923077,13,1,696,5,4,4,544,4.4,3,1.5968,0.4914,-0.8338,False,1.089,567.65,0.766,0.234,5.22,594.88,Low,Champions (VIPs),High (Preserve & Delight),"Reward loyalty with exclusive early access, VIP beta programs, and personal perks.",Dedicated VIP Email & Personal Concierge,0% - 5% (Focus on exclusivity rather than deep discounts)
A000412M,2024-04-01,2025-02-09,3,606.0699999999999,3.6666666666666665,3,326,640,1,1,2,112,1.2999999999999998,1,-1.3832,-0.1189,0.5861,False,1.256,43.92,0.494,0.506,0.85,158.22,Medium,Hibernating / Casuals,Low (Low Touch),Automated low-cost liquidation campaigns or seasonal clearance alerts.,Mass Marketing / Retargeting Ads,Standard clearance promos (avoid expensive direct sales outreach)
A000413K,2025-10-22,2025-10-22,1,231.98,5.0,1,71,71,3,1,1,311,1.8000000000000003,1,-1.5355,2.308,1.1437,False,2.176,856.55,0.599,0.401,3.08,661.09,Medium,Hibernating / Casuals,Low (Low Touch),Automated low-cost liquidation campaigns or seasonal clearance alerts.,Mass Marketing / Retargeting Ads,Standard clearance promos (avoid expensive direct sales outreach)
A000414Z,2025-08-01,2025-12-31,9,979.5699999999999,4.111111111111111,9,1,153,5,3,3,533,3.8,2,1.023,0.9217,-0.8559,False,0.669,1567.99,0.76,0.24,16.32,1644.58,Low,Champions (VIPs),High (Preserve & Delight),"Reward loyalty with exclusive early access, VIP beta programs, and personal perks.",Dedicated VIP Email & Personal Concierge,0% - 5% (Focus on exclusivity rather than deep discounts)
A000415L,2024-01-04,2024-10-11,7,1039.08,3.4285714285714284,7,447,728,1,2,3,123,1.9,0,-0.651,-1.0414,0.5673,False,0.424,18.26,0.096,0.904,0.34,46.48,High,At-Risk Customers,Critical (Win Back Immediately),"Urgent win-back campaigns, personalized reactivation discounts, and satisfaction surveys.",SMS Alert + Re-engagement Email Series,20% - 25% Time-limited reactivation coupon
A000416U,2025-08-01,2025-12-31,8,1040.19,3.125,8,1,153,5,3,3,533,3.8,2,0.4437,0.0486,-1.7812,False,1.31,1615.8,0.761,0.239,14.52,1748.54,Low,Champions (VIPs),High (Preserve & Delight),"Reward loyalty with exclusive early access, VIP beta programs, and personal perks.",Dedicated VIP Email & Personal Concierge,0% - 5% (Focus on exclusivity rather than deep discounts)
A000417V,2024-04-19,2025-09-26,9,1040.56,4.555555555555555,9,97,622,3,3,3,333,3.0,3,0.4668,0.272,1.0543,False,1.493,272.16,0.519,0.481,2.74,293.6,Medium,Loyal Customers,High (Nurture & Expand),Upsell higher-tier products and cross-sell accessories in related categories.,Targeted Email Newsletter & In-App Banners,10% on bundles or loyalty point multipliers
A000418C,2024-02-05,2025-11-29,8,1026.28,3.875,8,33,696,3,3,3,333,3.0,2,0.2309,-0.0077,0.0043,False,1.18,357.24,0.71,0.29,2.98,353.94,Low,Champions (VIPs),High (Preserve & Delight),"Reward loyalty with exclusive early access, VIP beta programs, and personal perks.",Dedicated VIP Email & Personal Concierge,0% - 5% (Focus on exclusivity rather than deep discounts)
A000419B,2024-03-19,2025-01-29,12,1836.81,3.1666666666666665,12,337,653,1,4,5,145,3.1,0,0.0379,-1.724,0.2843,False,0.784,66.13,0.05,0.95,0.34,47.53,High,At-Risk Customers,Critical (Win Back Immediately),"Urgent win-back campaigns, personalized reactivation discounts, and satisfaction surveys.",SMS Alert + Re-engagement Email Series,20% - 25% Time-limited reactivation coupon
A000420E,2024-01-13,2025-02-24,9,1184.53,3.4444444444444446,9,311,719,2,3,3,233,2.5999999999999996,0,-0.2933,-1.1122,0.4677,False,0.17,51.38,0.128,0.872,0.59,71.54,High,At-Risk Customers,Critical (Win Back Immediately),"Urgent win-back campaigns, personalized reactivation discounts, and satisfaction surveys.",SMS Alert + Re-engagement Email Series,20% - 25% Time-limited reactivation coupon
A000421F,2024-02-14,2024-12-10,10,1401.71,3.1,10,387,687,1,3,4,134,2.5,0,-0.3378,-1.6123,0.2465,False,0.599,35.66,0.05,0.95,0.27,34.48,High,At-Risk Customers,Critical (Win Back Immediately),"Urgent win-back campaigns, personalized reactivation discounts, and satisfaction surveys.",SMS Alert + Re-engagement Email Series,20% - 25% Time-limited reactivation coupon
A000422V,2024-02-27,2025-02-09,13,1971.41,3.5384615384615383,13,326,674,1,4,5,145,3.1,0,0.3508,-1.4453,0.6287,False,0.837,71.95,0.05,0.95,0.35,49.43,High,At-Risk Customers,Critical (Win Back Immediately),"Urgent win-back campaigns, personalized reactivation discounts, and satisfaction surveys.",SMS Alert + Re-engagement Email Series,20% - 25% Time-limited reactivation coupon
A000423B,2025-09-26,2025-12-25,23,2759.39,4.173913043478261,23,7,97,4,5,5,455,4.6,3,2.1517,-0.3235,-0.1398,False,0.684,3612.18,0.599,0.401,31.22,3467.82,Medium,Champions (VIPs),High (Preserve & Delight),"Reward loyalty with exclusive early access, VIP beta programs, and personal perks.",Dedicated VIP Email & Personal Concierge,0% - 5% (Focus on exclusivity rather than deep discounts)
A000424X,2025-07-08,2025-12-31,7,754.3299999999999,3.857142857142857,7,1,177,5,2,2,522,3.2,2,0.5345,0.9254,-1.1251,False,0.4,1349.54,0.763,0.237,11.01,1098.74,Low,Loyal Customers,High (Nurture & Expand),Upsell higher-tier products and cross-sell accessories in related categories.,Targeted Email Newsletter & In-App Banners,10% on bundles or loyalty point multipliers
A000425C,2025-09-08,2025-12-26,13,1401.53,4.384615384615385,13,6,115,4,4,4,444,4.0,3,1.4114,0.4985,-0.0742,False,0.586,1971.07,0.659,0.341,27.18,2712.97,Medium,Champions (VIPs),High (Preserve & Delight),"Reward loyalty with exclusive early access, VIP beta programs, and personal perks.",Dedicated VIP Email & Personal Concierge,0% - 5% (Focus on exclusivity rather than deep discounts)
A000426J,2025-10-06,2025-12-31,5,504.05,2.8,5,1,87,5,2,2,522,3.2,2,-0.526,0.2875,-2.1579,False,1.751,1502.3,0.76,0.24,15.95,1488.6,Low,Loyal Customers,High (Nurture & Expand),Upsell higher-tier products and cross-sell accessories in related categories.,Targeted Email Newsletter & In-App Banners,10% on bundles or loyalty point multipliers
A000427Q,2025-08-31,2025-12-31,9,1333.78,4.444444444444445,9,1,123,5,3,4,534,4.1,2,1.3928,1.0961,-0.526,False,1.082,1968.86,0.758,0.242,20.24,2777.72,Low,Champions (VIPs),High (Preserve & Delight),"Reward loyalty with exclusive early access, VIP beta programs, and personal perks.",Dedicated VIP Email & Personal Concierge,0% - 5% (Focus on exclusivity rather than deep discounts)
A000428X,2025-04-01,2025-04-01,1,168.38,4.0,1,275,275,2,1,1,211,1.4000000000000001,1,-2.5547,1.1687,0.7053,False,0.837,122.98,0.599,0.401,0.79,123.89,Medium,Hibernating / Casuals,Low (Low Touch),Automated low-cost liquidation campaigns or seasonal clearance alerts.,Mass Marketing / Retargeting Ads,Standard clearance promos (avoid expensive direct sales outreach)
A000429P,2024-03-02,2025-12-19,11,1377.99,4.090909090909091,11,13,670,4,4,4,444,4.0,3,0.9644,0.1384,-0.0953,False,0.694,505.98,0.737,0.263,4.42,512.12,Low,Champions (VIPs),High (Preserve & Delight),"Reward loyalty with exclusive early access, VIP beta programs, and personal perks.",Dedicated VIP Email & Personal Concierge,0% - 5% (Focus on exclusivity rather than deep discounts)
A000430R,2025-09-05,2025-12-30,15,1818.25,4.6,15,2,118,5,5,5,555,5.0,3,1.9831,0.7349,-0.1723,False,0.895,2406.14,0.73,0.27,33.89,3803.61,Low,Champions (VIPs),High (Preserve & Delight),"Reward loyalty with exclusive early access, VIP beta programs, and personal perks.",Dedicated VIP Email & Personal Concierge,0% - 5% (Focus on exclusivity rather than deep discounts)
A000431V,2025-09-05,2025-12-29,17,1926.44,4.176470588235294,17,3,118,5,5,5,555,5.0,3,1.832,0.1782,-0.4456,False,0.649,2490.91,0.702,0.298,36.61,3841.09,Low,Champions (VIPs),High (Preserve & Delight),"Reward loyalty with exclusive early access, VIP beta programs, and personal perks.",Dedicated VIP Email & Personal Concierge,0% - 5% (Focus on exclusivity rather than deep discounts)
A000432Q,2024-05-02,2025-02-06,10,1317.3500000000001,2.5,10,329,609,1,3,4,134,2.5,0,-0.6622,-2.0945,-0.3798,False,1.335,62.02,0.05,0.95,0.3,36.55,High,Critical Reviewers,High (Service Recovery),Proactive customer success contact to resolve friction and collect feedback.,Direct Customer Support Outreach,Apology credit / Replacement support voucher
A000433P,2024-04-15,2025-03-01,6,573.58,4.166666666666667,6,306,626,2,2,2,222,2.0,0,-0.6592,0.0667,1.0667,False,1.363,51.0,0.241,0.759,0.84,74.68,High,At-Risk Customers,Critical (Win Back Immediately),"Urgent win-back campaigns, personalized reactivation discounts, and satisfaction surveys.",SMS Alert + Re-engagement Email Series,20% - 25% Time-limited reactivation coupon
A000434J,2025-09-03,2025-12-25,16,2103.03,4.4375,16,7,120,4,5,5,455,4.6,3,1.8291,0.2289,0.0649,False,0.341,2615.09,0.611,0.389,29.76,3621.44,Medium,Champions (VIPs),High (Preserve & Delight),"Reward loyalty with exclusive early access, VIP beta programs, and personal perks.",Dedicated VIP Email & Personal Concierge,0% - 5% (Focus on exclusivity rather than deep discounts)
A000435G,2025-09-02,2025-12-19,20,2395.29,4.6,20,13,121,4,5,5,455,4.6,3,2.0577,0.0554,0.4544,False,0.564,2811.57,0.429,0.571,22.37,2480.91,Medium,Champions (VIPs),High (Preserve & Delight),"Reward loyalty with exclusive early access, VIP beta programs, and personal perks.",Dedicated VIP Email & Personal Concierge,0% - 5% (Focus on exclusivity rather than deep discounts)
A000436S,2024-01-11,2025-02-08,9,979.6999999999999,3.6666666666666665,9,327,721,1,3,3,133,2.1999999999999997,0,-0.3033,-0.8399,0.6831,False,0.4,41.73,0.112,0.888,0.51,51.66,High,At-Risk Customers,Critical (Win Back Immediately),"Urgent win-back campaigns, personalized reactivation discounts, and satisfaction surveys.",SMS Alert + Re-engagement Email Series,20% - 25% Time-limited reactivation coupon
A000437D,2025-09-22,2025-12-27,24,2827.61,4.208333333333333,24,5,101,4,5,5,455,4.6,3,2.2815,-0.2489,-0.2135,False,0.795,3728.56,0.652,0.348,34.01,3709.69,Medium,Champions (VIPs),High (Preserve & Delight),"Reward loyalty with exclusive early access, VIP beta programs, and personal perks.",Dedicated VIP Email & Personal Concierge,0% - 5% (Focus on exclusivity rather than deep discounts)
A000438M,2025-09-09,2025-09-09,1,36.08,3.0,1,114,114,2,1,1,211,1.4000000000000001,1,-3.8466,1.1324,-0.6555,False,1.796,524.73,0.599,0.401,1.92,64.04,Medium,Hibernating / Casuals,Low (Low Touch),Automated low-cost liquidation campaigns or seasonal clearance alerts.,Mass Marketing / Retargeting Ads,Standard clearance promos (avoid expensive direct sales outreach)
A000439P,2024-04-05,2025-02-02,6,681.33,3.5,6,333,636,1,2,2,122,1.6,0,-0.9263,-0.6422,0.4865,False,0.746,43.23,0.212,0.788,0.73,76.74,High,At-Risk Customers,Critical (Win Back Immediately),"Urgent win-back campaigns, personalized reactivation discounts, and satisfaction surveys.",SMS Alert + Re-engagement Email Series,20% - 25% Time-limited reactivation coupon
A000440D,2025-10-02,2025-12-03,13,1740.88,4.384615384615385,13,29,91,3,4,4,344,3.6000000000000005,3,1.2354,0.0196,0.4964,False,0.52,2062.7,0.108,0.892,5.62,696.43,High,Champions (VIPs),High (Preserve & Delight),"Reward loyalty with exclusive early access, VIP beta programs, and personal perks.",Dedicated VIP Email & Personal Concierge,0% - 5% (Focus on exclusivity rather than deep discounts)
A000441K,2025-09-04,2025-12-26,24,3293.61,4.166666666666667,24,6,119,4,5,5,455,4.6,3,2.3212,-0.3934,-0.1842,False,0.87,4363.26,0.626,0.374,32.63,4146.44,Medium,Champions (VIPs),High (Preserve & Delight),"Reward loyalty with exclusive early access, VIP beta programs, and personal perks.",Dedicated VIP Email & Personal Concierge,0% - 5% (Focus on exclusivity rather than deep discounts)
A000442X,2024-06-18,2024-07-17,2,325.75,5.0,2,533,562,1,1,1,111,1.0,1,-1.4068,1.4038,1.9615,False,2.2,10.93,0.421,0.579,0.55,82.53,Medium,Hibernating / Casuals,Low (Low Touch),Automated low-cost liquidation campaigns or seasonal clearance alerts.,Mass Marketing / Retargeting Ads,Standard clearance promos (avoid expensive direct sales outreach)
A000443X,2024-01-26,2025-12-29,9,1359.8,4.333333333333333,9,3,706,5,3,4,534,4.1,2,1.1975,0.8018,-0.363,False,0.932,497.81,0.763,0.237,3.55,496.69,Low,Champions (VIPs),High (Preserve & Delight),"Reward loyalty with exclusive early access, VIP beta programs, and personal perks.",Dedicated VIP Email & Personal Concierge,0% - 5% (Focus on exclusivity rather than deep discounts)
A000444U,2024-02-15,2025-11-16,15,1591.95,4.333333333333333,15,46,686,3,5,4,354,3.9000000000000004,3,1.1706,-0.1834,0.625,False,0.678,419.61,0.598,0.402,4.77,468.66,Medium,Champions (VIPs),High (Preserve & Delight),"Reward loyalty with exclusive early access, VIP beta programs, and personal perks.",Dedicated VIP Email & Personal Concierge,0% - 5% (Focus on exclusivity rather than deep discounts)
A000445R,2024-09-21,2025-09-23,2,244.95,5.0,2,100,467,3,1,1,311,1.8000000000000003,1,-1.2279,1.9673,1.3064,False,2.144,275.78,0.702,0.298,1.1,124.46,Low,Hibernating / Casuals,Low (Low Touch),Automated low-cost liquidation campaigns or seasonal clearance alerts.,Mass Marketing / Retargeting Ads,Standard clearance promos (avoid expensive direct sales outreach)
A000446S,2024-10-12,2025-11-14,3,538.55,4.333333333333333,3,48,446,3,1,2,312,2.1,2,-0.6952,1.0481,0.4745,False,1.64,473.99,0.719,0.281,1.77,293.6,Low,Potential Loyalists,Medium (Activate),Offer membership/loyalty program onboarding and recommend category bestsellers.,Automated Onboarding Email Drip,10% - 15% on second/third purchase
A000447X,2024-08-19,2024-08-19,1,167.26,3.0,1,500,500,1,1,1,111,1.0,1,-3.2202,0.094,-0.0009,False,0.98,14.91,0.599,0.401,0.44,67.68,Medium,Hibernating / Casuals,Low (Low Touch),Automated low-cost liquidation campaigns or seasonal clearance alerts.,Mass Marketing / Retargeting Ads,Standard clearance promos (avoid expensive direct sales outreach)
A000448K,2024-03-19,2025-01-05,9,869.23,2.3333333333333335,9,361,653,1,3,3,133,2.1999999999999997,0,-1.1107,-2.0408,-0.5319,False,1.558,36.73,0.058,0.942,0.29,26.27,High,Critical Reviewers,High (Service Recovery),Proactive customer success contact to resolve friction and collect feedback.,Direct Customer Support Outreach,Apology credit / Replacement support voucher
A000449B,2024-02-01,2025-05-18,11,1528.96,4.2727272727272725,11,228,700,2,4,4,244,3.2,0,0.5293,-0.4803,1.1516,False,1.291,111.4,0.159,0.841,0.91,117.31,High,At-Risk Customers,Critical (Win Back Immediately),"Urgent win-back campaigns, personalized reactivation discounts, and satisfaction surveys.",SMS Alert + Re-engagement Email Series,20% - 25% Time-limited reactivation coupon
A000450H,2025-09-02,2025-12-30,14,1420.59,4.642857142857143,14,2,121,5,4,4,544,4.4,3,1.7975,0.9162,-0.1518,False,0.994,2009.38,0.734,0.266,31.0,2912.28,Low,Champions (VIPs),High (Preserve & Delight),"Reward loyalty with exclusive early access, VIP beta programs, and personal perks.",Dedicated VIP Email & Personal Concierge,0% - 5% (Focus on exclusivity rather than deep discounts)
A000451N,2024-01-17,2025-02-18,13,1808.51,3.923076923076923,13,317,715,1,4,5,145,3.1,0,0.5085,-1.0474,0.9721,False,1.039,64.74,0.05,0.95,0.33,42.74,High,At-Risk Customers,Critical (Win Back Immediately),"Urgent win-back campaigns, personalized reactivation discounts, and satisfaction surveys.",SMS Alert + Re-engagement Email Series,20% - 25% Time-limited reactivation coupon
A000452V,2025-07-19,2025-12-31,4,696.5799999999999,3.75,4,1,166,5,2,2,522,3.2,2,0.0266,1.1249,-1.2644,False,0.649,1362.79,0.765,0.235,6.73,1085.02,Low,Potential Loyalists,Medium (Activate),Offer membership/loyalty program onboarding and recommend category bestsellers.,Automated Onboarding Email Drip,10% - 15% on second/third purchase
A000453B,2025-06-19,2025-12-31,7,1045.87,3.2857142857142856,7,1,196,5,2,3,523,3.5,2,0.4324,0.2602,-1.6394,False,1.069,1468.56,0.763,0.237,9.95,1376.72,Low,Loyal Customers,High (Nurture & Expand),Upsell higher-tier products and cross-sell accessories in related categories.,Targeted Email Newsletter & In-App Banners,10% on bundles or loyalty point multipliers
A000454A,2024-06-17,2025-12-25,3,232.23999999999998,2.6666666666666665,3,7,563,4,1,1,411,2.2,1,-1.7199,0.3558,-1.8273,False,2.117,418.99,0.763,0.237,1.48,106.4,Low,Critical Reviewers,High (Service Recovery),Proactive customer success contact to resolve friction and collect feedback.,Direct Customer Support Outreach,Apology credit / Replacement support voucher
A000455G,2025-09-02,2025-12-29,27,3818.03,4.333333333333333,27,3,121,5,5,5,555,5.0,3,2.7183,-0.2187,-0.2258,False,1.188,5543.3,0.702,0.298,36.61,4793.17,Low,Champions (VIPs),High (Preserve & Delight),"Reward loyalty with exclusive early access, VIP beta programs, and personal perks.",Dedicated VIP Email & Personal Concierge,0% - 5% (Focus on exclusivity rather than deep discounts)
A000456K,2025-08-01,2025-12-05,7,961.9300000000001,3.4285714285714284,7,27,153,3,2,3,323,2.7,0,-0.1068,-0.2728,-0.4997,False,1.13,1304.38,0.553,0.447,9.23,1174.48,Medium,Loyal Customers,High (Nurture & Expand),Upsell higher-tier products and cross-sell accessories in related categories.,Targeted Email Newsletter & In-App Banners,10% on bundles or loyalty point multipliers
A000457G,2025-09-04,2025-12-30,14,1534.21,4.642857142857143,14,2,119,5,4,4,544,4.4,3,1.8454,0.8832,-0.1471,False,0.972,2123.16,0.733,0.267,31.49,3195.42,Low,Champions (VIPs),High (Preserve & Delight),"Reward loyalty with exclusive early access, VIP beta programs, and personal perks.",Dedicated VIP Email & Personal Concierge,0% - 5% (Focus on exclusivity rather than deep discounts)
A000458E,2025-09-01,2025-12-31,6,789.47,3.8333333333333335,6,1,122,5,2,2,522,3.2,2,0.4361,0.959,-1.1544,False,0.403,1565.15,0.761,0.239,13.67,1665.28,Low,Loyal Customers,High (Nurture & Expand),Upsell higher-tier products and cross-sell accessories in related categories.,Targeted Email Newsletter & In-App Banners,10% on bundles or loyalty point multipliers
A000459J,2025-09-06,2025-12-30,24,2746.09,4.416666666666667,24,2,117,5,5,5,555,5.0,3,2.5226,0.1391,-0.2862,False,1.022,3537.01,0.725,0.275,37.82,4007.33,Low,Champions (VIPs),High (Preserve & Delight),"Reward loyalty with exclusive early access, VIP beta programs, and personal perks.",Dedicated VIP Email & Personal Concierge,0% - 5% (Focus on exclusivity rather than deep discounts)
A000460K,2025-09-05,2025-12-30,14,1894.45,4.5,14,2,118,5,4,5,545,4.7,3,1.9002,0.6616,-0.268,False,0.841,2496.7,0.733,0.267,31.74,3977.46,Low,Champions (VIPs),High (Preserve & Delight),"Reward loyalty with exclusive early access, VIP beta programs, and personal perks.",Dedicated VIP Email & Personal Concierge,0% - 5% (Focus on exclusivity rather than deep discounts)
A000461L,2025-09-04,2025-12-25,21,2259.36,4.476190476190476,21,7,119,4,5,5,455,4.6,3,2.1145,0.0889,0.1242,False,0.523,2765.33,0.599,0.401,31.22,3109.84,Medium,Champions (VIPs),High (Preserve & Delight),"Reward loyalty with exclusive early access, VIP beta programs, and personal perks.",Dedicated VIP Email & Personal Concierge,0% - 5% (Focus on exclusivity rather than deep discounts)
A000462D,2024-02-27,2025-03-14,14,1666.49,3.2857142857142856,14,293,674,2,4,4,244,3.2,0,0.1929,-1.6163,0.3468,False,0.776,78.99,0.05,0.95,0.38,41.78,High,At-Risk Customers,Critical (Win Back Immediately),"Urgent win-back campaigns, personalized reactivation discounts, and satisfaction surveys.",SMS Alert + Re-engagement Email Series,20% - 25% Time-limited reactivation coupon
A000463A,2024-01-02,2025-01-05,10,1126.48,3.0,10,361,730,1,3,3,133,2.1999999999999997,0,-0.5123,-1.5923,0.1134,False,0.645,34.24,0.06,0.94,0.3,31.16,High,At-Risk Customers,Critical (Win Back Immediately),"Urgent win-back campaigns, personalized reactivation discounts, and satisfaction surveys.",SMS Alert + Re-engagement Email Series,20% - 25% Time-limited reactivation coupon
A000464R,2025-07-13,2025-12-31,8,1039.28,4.5,8,1,172,5,3,3,533,3.8,2,1.1775,1.3131,-0.4967,False,0.965,1544.5,0.762,0.238,12.93,1555.74,Low,Champions (VIPs),High (Preserve & Delight),"Reward loyalty with exclusive early access, VIP beta programs, and personal perks.",Dedicated VIP Email & Personal Concierge,0% - 5% (Focus on exclusivity rather than deep discounts)
A000465Z,2024-05-28,2024-08-12,2,192.1,3.0,2,507,583,1,1,1,111,1.0,1,-2.7913,-0.1964,0.0423,False,0.864,11.77,0.452,0.548,0.57,50.37,Medium,Hibernating / Casuals,Low (Low Touch),Automated low-cost liquidation campaigns or seasonal clearance alerts.,Mass Marketing / Retargeting Ads,Standard clearance promos (avoid expensive direct sales outreach)
A000466P,2024-01-04,2025-11-15,12,1292.72,4.166666666666667,12,47,728,3,4,4,344,3.6000000000000005,3,0.7704,-0.1364,0.4496,False,0.899,333.7,0.641,0.359,3.86,384.75,Medium,Champions (VIPs),High (Preserve & Delight),"Reward loyalty with exclusive early access, VIP beta programs, and personal perks.",Dedicated VIP Email & Personal Concierge,0% - 5% (Focus on exclusivity rather than deep discounts)
A000467F,2024-01-17,2025-10-05,13,1270.9,4.0,13,88,715,3,4,4,344,3.6000000000000005,0,0.6022,-0.4878,0.5349,False,1.071,254.71,0.48,0.52,3.19,288.35,Medium,Loyal Customers,High (Nurture & Expand),Upsell higher-tier products and cross-sell accessories in related categories.,Targeted Email Newsletter & In-App Banners,10% on bundles or loyalty point multipliers
A000468E,2024-08-07,2024-08-07,1,51.36,3.0,1,512,512,1,1,1,111,1.0,1,-3.9513,0.5879,-0.0618,False,1.602,12.65,0.599,0.401,0.43,20.3,Medium,Hibernating / Casuals,Low (Low Touch),Automated low-cost liquidation campaigns or seasonal clearance alerts.,Mass Marketing / Retargeting Ads,Standard clearance promos (avoid expensive direct sales outreach)
A000469N,2024-08-02,2025-10-20,7,728.41,4.285714285714286,7,73,517,3,2,2,322,2.4000000000000004,0,-0.0294,0.3764,0.6568,False,1.461,361.42,0.601,0.399,2.97,286.13,Medium,Loyal Customers,High (Nurture & Expand),Upsell higher-tier products and cross-sell accessories in related categories.,Targeted Email Newsletter & In-App Banners,10% on bundles or loyalty point multipliers
A000470T,2024-10-10,2025-12-13,3,266.78000000000003,3.3333333333333335,3,19,448,4,1,1,411,2.2,1,-1.4736,0.6665,-0.8451,False,1.365,512.67,0.75,0.25,1.83,150.93,Low,Potential Loyalists,Medium (Activate),Offer membership/loyalty program onboarding and recommend category bestsellers.,Automated Onboarding Email Drip,10% - 15% on second/third purchase
A000471Y,2025-09-02,2025-12-25,22,2744.74,4.590909090909091,22,7,121,4,5,5,455,4.6,3,2.3347,0.0861,0.2463,False,0.749,3402.38,0.599,0.401,31.22,3606.2,Medium,Champions (VIPs),High (Preserve & Delight),"Reward loyalty with exclusive early access, VIP beta programs, and personal perks.",Dedicated VIP Email & Personal Concierge,0% - 5% (Focus on exclusivity rather than deep discounts)
A000472H,2025-06-27,2025-12-31,3,115.35,3.0,3,1,188,5,1,1,511,2.5999999999999996,2,-1.6784,1.328,-2.0888,False,2.472,1003.23,0.766,0.234,4.46,158.89,Low,Potential Loyalists,Medium (Activate),Offer membership/loyalty program onboarding and recommend category bestsellers.,Automated Onboarding Email Drip,10% - 15% on second/third purchase
A000473S,2025-09-08,2025-12-27,17,1904.13,4.823529411764706,17,5,115,4,5,5,455,4.6,3,2.0838,0.6706,0.3135,False,0.859,2449.23,0.652,0.348,34.01,3526.77,Medium,Champions (VIPs),High (Preserve & Delight),"Reward loyalty with exclusive early access, VIP beta programs, and personal perks.",Dedicated VIP Email & Personal Concierge,0% - 5% (Focus on exclusivity rather than deep discounts)
A000474T,2024-03-26,2025-07-16,3,274.31,2.3333333333333335,3,169,646,2,1,1,211,1.4000000000000001,1,-2.4474,-0.8325,-0.9576,False,1.787,112.57,0.639,0.361,1.08,91.74,Medium,Critical Reviewers,High (Service Recovery),Proactive customer success contact to resolve friction and collect feedback.,Direct Customer Support Outreach,Apology credit / Replacement support voucher
A000475X,2025-10-30,2025-12-31,4,742.77,3.25,4,1,63,5,2,2,522,3.2,2,-0.2006,0.6378,-1.7277,False,1.137,1772.68,0.759,0.241,17.6,3025.76,Low,Potential Loyalists,Medium (Activate),Offer membership/loyalty program onboarding and recommend category bestsellers.,Automated Onboarding Email Drip,10% - 15% on second/third purchase
A000476M,2024-12-11,2025-04-16,2,268.44,5.0,2,260,386,2,1,1,211,1.4000000000000001,1,-1.3739,1.6764,1.6756,False,2.124,109.64,0.531,0.469,1.0,124.69,Medium,Hibernating / Casuals,Low (Low Touch),Automated low-cost liquidation campaigns or seasonal clearance alerts.,Mass Marketing / Retargeting Ads,Standard clearance promos (avoid expensive direct sales outreach)
A000477C,2025-09-09,2025-12-25,12,1290.01,4.583333333333333,12,7,114,4,4,4,444,4.0,3,1.3742,0.7229,0.1522,False,0.774,1873.16,0.648,0.352,24.9,2478.41,Medium,Champions (VIPs),High (Preserve & Delight),"Reward loyalty with exclusive early access, VIP beta programs, and personal perks.",Dedicated VIP Email & Personal Concierge,0% - 5% (Focus on exclusivity rather than deep discounts)
A000478N,2025-10-01,2025-12-06,5,517.35,3.8,5,26,92,3,2,2,322,2.4000000000000004,2,-0.5315,0.5053,-0.2248,False,1.109,1253.04,0.517,0.483,10.26,983.28,Medium,Loyal Customers,High (Nurture & Expand),Upsell higher-tier products and cross-sell accessories in related categories.,Targeted Email Newsletter & In-App Banners,10% on bundles or loyalty point multipliers
A000479Z,2024-02-20,2025-04-23,2,183.94,4.5,2,253,681,2,1,1,211,1.4000000000000001,1,-1.8691,1.3851,1.1755,False,1.396,55.39,0.647,0.353,0.69,59.06,Medium,Hibernating / Casuals,Low (Low Touch),Automated low-cost liquidation campaigns or seasonal clearance alerts.,Mass Marketing / Retargeting Ads,Standard clearance promos (avoid expensive direct sales outreach)
A000480B,2025-09-06,2025-12-07,5,810.87,4.4,5,25,117,3,2,2,322,2.4000000000000004,2,0.076,0.8747,0.3482,False,1.152,1355.1,0.585,0.415,9.13,1371.34,Medium,Loyal Customers,High (Nurture & Expand),Upsell higher-tier products and cross-sell accessories in related categories.,Targeted Email Newsletter & In-App Banners,10% on bundles or loyalty point multipliers
A000481P,2024-01-09,2025-03-14,7,848.1700000000001,3.7142857142857144,7,293,723,2,2,2,222,2.0,0,-0.5346,-0.5801,0.6607,False,0.599,50.07,0.256,0.744,0.9,101.3,High,At-Risk Customers,Critical (Win Back Immediately),"Urgent win-back campaigns, personalized reactivation discounts, and satisfaction surveys.",SMS Alert + Re-engagement Email Series,20% - 25% Time-limited reactivation coupon
A000482A,2024-02-02,2025-01-13,13,1638.1,3.0,13,353,699,1,4,4,144,2.8,0,-0.0689,-1.8821,0.1449,False,0.912,48.41,0.05,0.95,0.34,39.6,High,At-Risk Customers,Critical (Win Back Immediately),"Urgent win-back campaigns, personalized reactivation discounts, and satisfaction surveys.",SMS Alert + Re-engagement Email Series,20% - 25% Time-limited reactivation coupon
A000483Q,2025-08-18,2025-12-23,6,677.14,4.166666666666667,6,9,136,4,2,2,422,2.8000000000000003,2,0.1751,0.9042,-0.2355,False,0.565,1362.12,0.707,0.293,11.39,1190.2,Low,Loyal Customers,High (Nurture & Expand),Upsell higher-tier products and cross-sell accessories in related categories.,Targeted Email Newsletter & In-App Banners,10% on bundles or loyalty point multipliers
A000484C,2024-01-12,2025-02-09,11,1229.24,3.272727272727273,11,326,720,1,4,3,143,2.5,0,-0.2164,-1.4008,0.3408,False,0.391,46.76,0.058,0.942,0.32,33.56,High,At-Risk Customers,Critical (Win Back Immediately),"Urgent win-back campaigns, personalized reactivation discounts, and satisfaction surveys.",SMS Alert + Re-engagement Email Series,20% - 25% Time-limited reactivation coupon
A000485L,2025-06-27,2025-12-23,6,735.8399999999999,3.6666666666666665,6,9,188,4,2,2,422,2.8000000000000003,2,-0.0403,0.4089,-0.6976,False,0.62,1236.95,0.725,0.275,8.45,959.25,Low,Loyal Customers,High (Nurture & Expand),Upsell higher-tier products and cross-sell accessories in related categories.,Targeted Email Newsletter & In-App Banners,10% on bundles or loyalty point multipliers
A000486U,2024-08-15,2025-12-26,3,438.14,4.666666666666667,3,6,504,4,1,2,412,2.5,2,-0.2298,1.959,0.028,False,1.469,531.16,0.763,0.237,1.66,224.29,Low,Potential Loyalists,Medium (Activate),Offer membership/loyalty program onboarding and recommend category bestsellers.,Automated Onboarding Email Drip,10% - 15% on second/third purchase
A000487P,2025-09-03,2025-12-20,14,1820.48,4.071428571428571,14,12,120,4,4,5,445,4.3,3,1.3334,-0.1044,-0.1089,False,0.37,2241.73,0.52,0.48,22.14,2666.05,Medium,Champions (VIPs),High (Preserve & Delight),"Reward loyalty with exclusive early access, VIP beta programs, and personal perks.",Dedicated VIP Email & Personal Concierge,0% - 5% (Focus on exclusivity rather than deep discounts)
A000488U,2024-02-29,2025-11-27,12,1762.32,4.25,12,35,672,3,4,5,345,3.9000000000000004,3,1.0689,-0.1161,0.4358,False,0.623,510.06,0.668,0.332,4.36,592.22,Medium,Champions (VIPs),High (Preserve & Delight),"Reward loyalty with exclusive early access, VIP beta programs, and personal perks.",Dedicated VIP Email & Personal Concierge,0% - 5% (Focus on exclusivity rather than deep discounts)
A000489N,2024-01-28,2025-06-26,2,350.24,4.5,2,189,704,2,1,1,211,1.4000000000000001,1,-1.4082,1.1873,1.1027,False,1.479,88.54,0.684,0.316,0.71,114.94,Medium,Hibernating / Casuals,Low (Low Touch),Automated low-cost liquidation campaigns or seasonal clearance alerts.,Mass Marketing / Retargeting Ads,Standard clearance promos (avoid expensive direct sales outreach)
A000490Y,2024-06-10,2024-07-18,2,197.84,4.5,2,532,570,1,1,1,111,1.0,1,-1.9823,1.1574,1.4639,False,1.475,10.2,0.427,0.573,0.55,50.11,Medium,Hibernating / Casuals,Low (Low Touch),Automated low-cost liquidation campaigns or seasonal clearance alerts.,Mass Marketing / Retargeting Ads,Standard clearance promos (avoid expensive direct sales outreach)
A000491W,2025-06-19,2025-12-31,8,1014.93,4.0,8,1,196,5,3,3,533,3.8,2,0.8957,0.8636,-0.9653,False,0.57,1443.98,0.763,0.237,11.36,1334.7,Low,Champions (VIPs),High (Preserve & Delight),"Reward loyalty with exclusive early access, VIP beta programs, and personal perks.",Dedicated VIP Email & Personal Concierge,0% - 5% (Focus on exclusivity rather than deep discounts)
A000492P,2024-01-29,2025-01-25,8,1037.6100000000001,2.5,8,341,703,1,3,3,133,2.1999999999999997,0,-0.9895,-1.889,-0.3951,False,1.321,40.62,0.13,0.87,0.54,64.65,High,Critical Reviewers,High (Service Recovery),Proactive customer success contact to resolve friction and collect feedback.,Direct Customer Support Outreach,Apology credit / Replacement support voucher
A000493K,2024-02-11,2025-10-21,13,1231.3,4.0,13,72,690,3,4,3,343,3.3000000000000003,3,0.6249,-0.4217,0.4571,False,1.108,297.01,0.529,0.471,3.64,318.83,Medium,Loyal Customers,High (Nurture & Expand),Upsell higher-tier products and cross-sell accessories in related categories.,Targeted Email Newsletter & In-App Banners,10% on bundles or loyalty point multipliers
A000494D,2024-01-17,2025-12-08,14,1763.51,4.285714285714286,14,24,715,3,4,5,345,3.9000000000000004,3,1.2885,-0.0672,0.34,False,0.381,495.1,0.695,0.305,4.97,579.41,Medium,Champions (VIPs),High (Preserve & Delight),"Reward loyalty with exclusive early access, VIP beta programs, and personal perks.",Dedicated VIP Email & Personal Concierge,0% - 5% (Focus on exclusivity rather than deep discounts)
A000495N,2025-08-01,2025-12-08,8,1068.3,3.875,8,24,153,3,3,3,333,3.0,2,0.3215,0.0567,-0.1112,False,1.05,1392.07,0.549,0.451,10.48,1295.19,Medium,Champions (VIPs),High (Preserve & Delight),"Reward loyalty with exclusive early access, VIP beta programs, and personal perks.",Dedicated VIP Email & Personal Concierge,0% - 5% (Focus on exclusivity rather than deep discounts)
A000496A,2024-02-01,2025-10-27,8,985.8100000000001,3.75,8,66,700,3,3,3,333,3.0,0,-0.0057,-0.2854,0.145,False,0.813,275.7,0.645,0.355,2.69,306.93,Medium,Loyal Customers,High (Nurture & Expand),Upsell higher-tier products and cross-sell accessories in related categories.,Targeted Email Newsletter & In-App Banners,10% on bundles or loyalty point multipliers
A000497L,2025-07-28,2025-12-15,6,709.75,4.333333333333333,6,17,157,4,2,2,422,2.8000000000000003,2,0.1678,0.8814,0.1483,False,0.936,1243.45,0.664,0.336,9.26,1014.17,Medium,Loyal Customers,High (Nurture & Expand),Upsell higher-tier products and cross-sell accessories in related categories.,Targeted Email Newsletter & In-App Banners,10% on bundles or loyalty point multipliers
A000498F,2025-09-09,2025-12-29,24,3136.29,4.125,24,3,114,5,5,5,555,5.0,3,2.388,-0.2623,-0.4405,False,1.001,4205.15,0.702,0.298,36.61,4429.48,Low,Champions (VIPs),High (Preserve & Delight),"Reward loyalty with exclusive early access, VIP beta programs, and personal perks.",Dedicated VIP Email & Personal Concierge,0% - 5% (Focus on exclusivity rather than deep discounts)
A000499V,2024-02-21,2025-10-19,3,313.24,3.6666666666666665,3,74,680,3,1,1,311,1.8000000000000003,1,-1.4784,0.5538,-0.0176,False,0.912,206.0,0.719,0.281,1.16,111.91,Low,Potential Loyalists,Medium (Activate),Offer membership/loyalty program onboarding and recommend category bestsellers.,Automated Onboarding Email Drip,10% - 15% on second/third purchase
A000500Q,2024-10-03,2025-03-27,2,337.09000000000003,4.0,2,280,455,2,1,1,211,1.4000000000000001,1,-1.7825,0.6401,0.7833,False,0.847,83.49,0.554,0.446,0.89,138.62,Medium,Hibernating / Casuals,Low (Low Touch),Automated low-cost liquidation campaigns or seasonal clearance alerts.,Mass Marketing / Retargeting Ads,Standard clearance promos (avoid expensive direct sales outreach)
