reviewerID,asin,overall,reviewTime,unixReviewTime,timestamp,reviewText,summary,verified
A001897S,B0001029,2.0,"01 01, 2024",1704081600,2024-01-01,Not satisfied with the durability. Stopped functioning as expected.,Could be better,True
A000065H,B0001240,1.0,"01 01, 2024",1704081600,2024-01-01,Doesn't live up to the marketing claims. Disappointed with the quality.,Could be better,True
A000745K,B0001065,4.0,"01 01, 2024",1704081600,2024-01-01,Fantastic performance and great design. Would definitely purchase again.,Great quality product,True
A001914V,B0001236,5.0,"01 01, 2024",1704081600,2024-01-01,Works straight out of the box. Highly recommended for daily use!,Great quality product,True
A002671R,B0001072,1.0,"01 01, 2024",1704081600,2024-01-01,Not satisfied with the durability. Stopped functioning as expected.,Could be better,True
A001779G,B0001057,5.0,"01 01, 2024",1704081600,2024-01-01,"Five stars! Reliable, solid construction and crisp performance.",Great quality product,True
A001130W,B0001011,5.0,"01 01, 2024",1704081600,2024-01-01,Fantastic performance and great design. Would definitely purchase again.,Great quality product,True
A001189R,B0001002,4.0,"01 01, 2024",1704081600,2024-01-01,Works straight out of the box. Highly recommended for daily use!,Great quality product,True
A002324K,B0001008,5.0,"01 01, 2024",1704081600,2024-01-01,"Five stars! Reliable, solid construction and crisp performance.",Great quality product,True
A001680Q,B0001172,3.0,"01 01, 2024",1704081600,2024-01-01,"Decent product for the cost, but has a few minor design quirks.",Average experience,True
A001949L,B0001010,4.0,"01 01, 2024",1704081600,2024-01-01,Very pleased with this purchase. Super fast delivery and great packaging.,Great quality product,True
A002979Q,B0001039,2.0,"01 01, 2024",1704081600,2024-01-01,Customer support was slow and the product felt flimsy.,Could be better,True
A001829U,B0001040,1.0,"01 01, 2024",1704081600,2024-01-01,Doesn't live up to the marketing claims. Disappointed with the quality.,Could be better,True
A000331C,B0001088,2.0,"01 01, 2024",1704081600,2024-01-01,Doesn't live up to the marketing claims. Disappointed with the quality.,Could be better,True
A002942S,B0001060,2.0,"01 01, 2024",1704081600,2024-01-01,Not satisfied with the durability. Stopped functioning as expected.,Could be better,True
A001103W,B0001031,2.0,"01 01, 2024",1704081600,2024-01-01,Not satisfied with the durability. Stopped functioning as expected.,Could be better,True
A002578R,B0001035,4.0,"01 01, 2024",1704081600,2024-01-01,"Five stars! Reliable, solid construction and crisp performance.",Great quality product,True
A001541M,B0001002,4.0,"01 01, 2024",1704081600,2024-01-01,Very pleased with this purchase. Super fast delivery and great packaging.,Great quality product,True
A000220U,B0001025,4.0,"01 01, 2024",1704081600,2024-01-01,Works straight out of the box. Highly recommended for daily use!,Great quality product,True
A002478N,B0001003,1.0,"01 01, 2024",1704081600,2024-01-01,Not satisfied with the durability. Stopped functioning as expected.,Could be better,True
A001738T,B0001047,4.0,"01 01, 2024",1704081600,2024-01-01,Very pleased with this purchase. Super fast delivery and great packaging.,Great quality product,True
A001405J,B0001170,3.0,"01 02, 2024",1704168000,2024-01-02,Works as advertised. Average battery life and fair ergonomics.,Average experience,True
A002932V,B0001230,5.0,"01 02, 2024",1704168000,2024-01-02,"Five stars! Reliable, solid construction and crisp performance.",Great quality product,True
A000376V,B0001013,5.0,"01 02, 2024",1704168000,2024-01-02,"Five stars! Reliable, solid construction and crisp performance.",Great quality product,False
A001906P,B0001024,3.0,"01 02, 2024",1704168000,2024-01-02,Works as advertised. Average battery life and fair ergonomics.,Average experience,True
A000684D,B0001046,4.0,"01 02, 2024",1704168000,2024-01-02,Very pleased with this purchase. Super fast delivery and great packaging.,Great quality product,True
A000799K,B0001104,4.0,"01 02, 2024",1704168000,2024-01-02,Works straight out of the box. Highly recommended for daily use!,Great quality product,True
A002682S,B0001023,3.0,"01 02, 2024",1704168000,2024-01-02,"Decent product for the cost, but has a few minor design quirks.",Average experience,True
A001691T,B0001070,4.0,"01 02, 2024",1704168000,2024-01-02,Very pleased with this purchase. Super fast delivery and great packaging.,Great quality product,True
A001011F,B0001001,4.0,"01 02, 2024",1704168000,2024-01-02,Fantastic performance and great design. Would definitely purchase again.,Great quality product,True
A000730P,B0001031,4.0,"01 02, 2024",1704168000,2024-01-02,Works straight out of the box. Highly recommended for daily use!,Great quality product,True
A002754L,B0001198,1.0,"01 02, 2024",1704168000,2024-01-02,Customer support was slow and the product felt flimsy.,Could be better,True
A001573S,B0001074,1.0,"01 02, 2024",1704168000,2024-01-02,Customer support was slow and the product felt flimsy.,Could be better,True
A001021T,B0001001,2.0,"01 02, 2024",1704168000,2024-01-02,Customer support was slow and the product felt flimsy.,Could be better,True
A002363B,B0001002,4.0,"01 02, 2024",1704168000,2024-01-02,Fantastic performance and great design. Would definitely purchase again.,Great quality product,True
A002465E,B0001048,4.0,"01 02, 2024",1704168000,2024-01-02,Very pleased with this purchase. Super fast delivery and great packaging.,Great quality product,True
A002073U,B0001051,4.0,"01 02, 2024",1704168000,2024-01-02,Works straight out of the box. Highly recommended for daily use!,Great quality product,True
A001386M,B0001060,5.0,"01 02, 2024",1704168000,2024-01-02,"Five stars! Reliable, solid construction and crisp performance.",Great quality product,True
A000214E,B0001055,4.0,"01 02, 2024",1704168000,2024-01-02,Fantastic performance and great design. Would definitely purchase again.,Great quality product,False
A000463A,B0001158,1.0,"01 02, 2024",1704168000,2024-01-02,Customer support was slow and the product felt flimsy.,Could be better,True
A000326E,B0001117,3.0,"01 02, 2024",1704168000,2024-01-02,"Met my basic expectations. Not premium, but good value overall.",Average experience,True
A001333Z,B0001097,4.0,"01 02, 2024",1704168000,2024-01-02,Works straight out of the box. Highly recommended for daily use!,Great quality product,True
A002810S,B0001043,2.0,"01 02, 2024",1704168000,2024-01-02,Customer support was slow and the product felt flimsy.,Could be better,True
A001044Q,B0001050,4.0,"01 02, 2024",1704168000,2024-01-02,Fantastic performance and great design. Would definitely purchase again.,Great quality product,True
A001175N,B0001011,2.0,"01 02, 2024",1704168000,2024-01-02,Doesn't live up to the marketing claims. Disappointed with the quality.,Could be better,True
A000177P,B0001060,3.0,"01 03, 2024",1704254400,2024-01-03,"Met my basic expectations. Not premium, but good value overall.",Average experience,True
A000219G,B0001056,3.0,"01 03, 2024",1704254400,2024-01-03,Works as advertised. Average battery life and fair ergonomics.,Average experience,True
A000176E,B0001056,3.0,"01 03, 2024",1704254400,2024-01-03,"Met my basic expectations. Not premium, but good value overall.",Average experience,True
A001324E,B0001025,5.0,"01 03, 2024",1704254400,2024-01-03,"Five stars! Reliable, solid construction and crisp performance.",Great quality product,True
A001328P,B0001056,4.0,"01 03, 2024",1704254400,2024-01-03,Works straight out of the box. Highly recommended for daily use!,Great quality product,True
A002138N,B0001049,4.0,"01 03, 2024",1704254400,2024-01-03,Very pleased with this purchase. Super fast delivery and great packaging.,Great quality product,True
A001261E,B0001026,3.0,"01 03, 2024",1704254400,2024-01-03,"Decent product for the cost, but has a few minor design quirks.",Average experience,True
A001077B,B0001133,5.0,"01 03, 2024",1704254400,2024-01-03,Very pleased with this purchase. Super fast delivery and great packaging.,Great quality product,True
A001429T,B0001003,2.0,"01 03, 2024",1704254400,2024-01-03,Doesn't live up to the marketing claims. Disappointed with the quality.,Could be better,True
A000820P,B0001013,4.0,"01 03, 2024",1704254400,2024-01-03,Works straight out of the box. Highly recommended for daily use!,Great quality product,True
A002910E,B0001013,3.0,"01 03, 2024",1704254400,2024-01-03,"Decent product for the cost, but has a few minor design quirks.",Average experience,False
A001395W,B0001005,5.0,"01 03, 2024",1704254400,2024-01-03,Fantastic performance and great design. Would definitely purchase again.,Great quality product,True
A000046U,B0001002,1.0,"01 03, 2024",1704254400,2024-01-03,Doesn't live up to the marketing claims. Disappointed with the quality.,Could be better,True
A001510J,B0001083,1.0,"01 03, 2024",1704254400,2024-01-03,Customer support was slow and the product felt flimsy.,Could be better,True
A000962E,B0001196,3.0,"01 03, 2024",1704254400,2024-01-03,"Decent product for the cost, but has a few minor design quirks.",Average experience,True
A000769L,B0001016,4.0,"01 03, 2024",1704254400,2024-01-03,Very pleased with this purchase. Super fast delivery and great packaging.,Great quality product,True
A001993Z,B0001106,4.0,"01 03, 2024",1704254400,2024-01-03,"Exceptional build quality, exceeds expectations for the price point.",Great quality product,True
A001861T,B0001198,4.0,"01 03, 2024",1704254400,2024-01-03,Works straight out of the box. Highly recommended for daily use!,Great quality product,True
A001632Q,B0001167,5.0,"01 03, 2024",1704254400,2024-01-03,Very pleased with this purchase. Super fast delivery and great packaging.,Great quality product,True
A000880B,B0001004,4.0,"01 03, 2024",1704254400,2024-01-03,"Exceptional build quality, exceeds expectations for the price point.",Great quality product,True
A000174Z,B0001127,4.0,"01 03, 2024",1704254400,2024-01-03,"Five stars! Reliable, solid construction and crisp performance.",Great quality product,True
A001341X,B0001197,5.0,"01 03, 2024",1704254400,2024-01-03,"Exceptional build quality, exceeds expectations for the price point.",Great quality product,False
A002523W,B0001010,4.0,"01 03, 2024",1704254400,2024-01-03,Works straight out of the box. Highly recommended for daily use!,Great quality product,False
A001262V,B0001014,5.0,"01 03, 2024",1704254400,2024-01-03,"Five stars! Reliable, solid construction and crisp performance.",Great quality product,True
A000320L,B0001007,4.0,"01 03, 2024",1704254400,2024-01-03,Works straight out of the box. Highly recommended for daily use!,Great quality product,True
A002269T,B0001002,4.0,"01 03, 2024",1704254400,2024-01-03,"Exceptional build quality, exceeds expectations for the price point.",Great quality product,True
A001766B,B0001128,5.0,"01 03, 2024",1704254400,2024-01-03,"Exceptional build quality, exceeds expectations for the price point.",Great quality product,True
A001725M,B0001021,1.0,"01 03, 2024",1704254400,2024-01-03,Doesn't live up to the marketing claims. Disappointed with the quality.,Could be better,True
A002631V,B0001004,1.0,"01 04, 2024",1704340800,2024-01-04,Not satisfied with the durability. Stopped functioning as expected.,Could be better,True
A001749P,B0001092,5.0,"01 04, 2024",1704340800,2024-01-04,Works straight out of the box. Highly recommended for daily use!,Great quality product,True
A001572T,B0001234,2.0,"01 04, 2024",1704340800,2024-01-04,Not satisfied with the durability. Stopped functioning as expected.,Could be better,True
A001145Q,B0001047,5.0,"01 04, 2024",1704340800,2024-01-04,Works straight out of the box. Highly recommended for daily use!,Great quality product,False
A002105K,B0001019,3.0,"01 04, 2024",1704340800,2024-01-04,Works as advertised. Average battery life and fair ergonomics.,Average experience,True
A000663X,B0001110,5.0,"01 04, 2024",1704340800,2024-01-04,Fantastic performance and great design. Would definitely purchase again.,Great quality product,True
A002293J,B0001015,5.0,"01 04, 2024",1704340800,2024-01-04,Very pleased with this purchase. Super fast delivery and great packaging.,Great quality product,True
A001557X,B0001137,4.0,"01 04, 2024",1704340800,2024-01-04,Works straight out of the box. Highly recommended for daily use!,Great quality product,True
A002004N,B0001031,5.0,"01 04, 2024",1704340800,2024-01-04,"Exceptional build quality, exceeds expectations for the price point.",Great quality product,True
A002636Y,B0001026,4.0,"01 04, 2024",1704340800,2024-01-04,Fantastic performance and great design. Would definitely purchase again.,Great quality product,True
A000743S,B0001120,4.0,"01 04, 2024",1704340800,2024-01-04,Fantastic performance and great design. Would definitely purchase again.,Great quality product,True
A002520B,B0001087,1.0,"01 04, 2024",1704340800,2024-01-04,Customer support was slow and the product felt flimsy.,Could be better,True
A000046U,B0001034,2.0,"01 04, 2024",1704340800,2024-01-04,Doesn't live up to the marketing claims. Disappointed with the quality.,Could be better,True
A002297D,B0001001,5.0,"01 04, 2024",1704340800,2024-01-04,Fantastic performance and great design. Would definitely purchase again.,Great quality product,True
A000722X,B0001138,3.0,"01 04, 2024",1704340800,2024-01-04,Works as advertised. Average battery life and fair ergonomics.,Average experience,True
A002746F,B0001107,4.0,"01 04, 2024",1704340800,2024-01-04,Very pleased with this purchase. Super fast delivery and great packaging.,Great quality product,True
A002216H,B0001001,5.0,"01 04, 2024",1704340800,2024-01-04,"Exceptional build quality, exceeds expectations for the price point.",Great quality product,False
A002380R,B0001241,3.0,"01 04, 2024",1704340800,2024-01-04,"Met my basic expectations. Not premium, but good value overall.",Average experience,True
A000415L,B0001062,4.0,"01 04, 2024",1704340800,2024-01-04,"Five stars! Reliable, solid construction and crisp performance.",Great quality product,True
A000466P,B0001001,5.0,"01 04, 2024",1704340800,2024-01-04,Works straight out of the box. Highly recommended for daily use!,Great quality product,True
A002336M,B0001055,5.0,"01 04, 2024",1704340800,2024-01-04,Fantastic performance and great design. Would definitely purchase again.,Great quality product,True
A000210A,B0001093,5.0,"01 04, 2024",1704340800,2024-01-04,Very pleased with this purchase. Super fast delivery and great packaging.,Great quality product,True
A000710Q,B0001158,4.0,"01 04, 2024",1704340800,2024-01-04,Fantastic performance and great design. Would definitely purchase again.,Great quality product,True
A002345N,B0001204,1.0,"01 04, 2024",1704340800,2024-01-04,Customer support was slow and the product felt flimsy.,Could be better,True
A001398R,B0001001,5.0,"01 04, 2024",1704340800,2024-01-04,Fantastic performance and great design. Would definitely purchase again.,Great quality product,True
A000163T,B0001221,3.0,"01 04, 2024",1704340800,2024-01-04,"Decent product for the cost, but has a few minor design quirks.",Average experience,True
A000305W,B0001019,5.0,"01 04, 2024",1704340800,2024-01-04,"Five stars! Reliable, solid construction and crisp performance.",Great quality product,True
A002664N,B0001183,3.0,"01 04, 2024",1704340800,2024-01-04,"Decent product for the cost, but has a few minor design quirks.",Average experience,True
A000960Q,B0001067,4.0,"01 04, 2024",1704340800,2024-01-04,Fantastic performance and great design. Would definitely purchase again.,Great quality product,True
A002346P,B0001061,5.0,"01 04, 2024",1704340800,2024-01-04,Fantastic performance and great design. Would definitely purchase again.,Great quality product,True
A001491X,B0001160,5.0,"01 04, 2024",1704340800,2024-01-04,"Five stars! Reliable, solid construction and crisp performance.",Great quality product,True
A001108F,B0001030,5.0,"01 04, 2024",1704340800,2024-01-04,Very pleased with this purchase. Super fast delivery and great packaging.,Great quality product,True
A001499L,B0001033,5.0,"01 05, 2024",1704427200,2024-01-05,Fantastic performance and great design. Would definitely purchase again.,Great quality product,True
A001029W,B0001004,4.0,"01 05, 2024",1704427200,2024-01-05,Fantastic performance and great design. Would definitely purchase again.,Great quality product,True
A000020Q,B0001007,5.0,"01 05, 2024",1704427200,2024-01-05,"Exceptional build quality, exceeds expectations for the price point.",Great quality product,True
A001492G,B0001024,4.0,"01 05, 2024",1704427200,2024-01-05,"Five stars! Reliable, solid construction and crisp performance.",Great quality product,True
A001488L,B0001083,2.0,"01 05, 2024",1704427200,2024-01-05,Customer support was slow and the product felt flimsy.,Could be better,True
A000831S,B0001229,5.0,"01 05, 2024",1704427200,2024-01-05,"Exceptional build quality, exceeds expectations for the price point.",Great quality product,True
A001146P,B0001143,3.0,"01 05, 2024",1704427200,2024-01-05,"Decent product for the cost, but has a few minor design quirks.",Average experience,True
A001792Y,B0001011,2.0,"01 05, 2024",1704427200,2024-01-05,Doesn't live up to the marketing claims. Disappointed with the quality.,Could be better,True
A000151K,B0001045,3.0,"01 05, 2024",1704427200,2024-01-05,Works as advertised. Average battery life and fair ergonomics.,Average experience,True
A002863H,B0001186,5.0,"01 05, 2024",1704427200,2024-01-05,Fantastic performance and great design. Would definitely purchase again.,Great quality product,True
A000990Z,B0001013,3.0,"01 05, 2024",1704427200,2024-01-05,"Met my basic expectations. Not premium, but good value overall.",Average experience,False
A002561G,B0001013,2.0,"01 05, 2024",1704427200,2024-01-05,Doesn't live up to the marketing claims. Disappointed with the quality.,Could be better,True
A000271B,B0001065,2.0,"01 05, 2024",1704427200,2024-01-05,Customer support was slow and the product felt flimsy.,Could be better,True
A002813F,B0001061,1.0,"01 05, 2024",1704427200,2024-01-05,Doesn't live up to the marketing claims. Disappointed with the quality.,Could be better,True
A001908D,B0001048,4.0,"01 05, 2024",1704427200,2024-01-05,Very pleased with this purchase. Super fast delivery and great packaging.,Great quality product,True
A001411H,B0001027,2.0,"01 05, 2024",1704427200,2024-01-05,Doesn't live up to the marketing claims. Disappointed with the quality.,Could be better,True
A002138N,B0001245,3.0,"01 05, 2024",1704427200,2024-01-05,Works as advertised. Average battery life and fair ergonomics.,Average experience,True
A000020Q,B0001024,5.0,"01 05, 2024",1704427200,2024-01-05,Works straight out of the box. Highly recommended for daily use!,Great quality product,True
A001462U,B0001149,4.0,"01 05, 2024",1704427200,2024-01-05,Works straight out of the box. Highly recommended for daily use!,Great quality product,True
A000236E,B0001072,4.0,"01 05, 2024",1704427200,2024-01-05,"Five stars! Reliable, solid construction and crisp performance.",Great quality product,True
A001060E,B0001244,4.0,"01 05, 2024",1704427200,2024-01-05,"Exceptional build quality, exceeds expectations for the price point.",Great quality product,True
A002943B,B0001132,5.0,"01 05, 2024",1704427200,2024-01-05,Fantastic performance and great design. Would definitely purchase again.,Great quality product,False
A000400Z,B0001179,3.0,"01 05, 2024",1704427200,2024-01-05,Works as advertised. Average battery life and fair ergonomics.,Average experience,False
A000870R,B0001010,5.0,"01 05, 2024",1704427200,2024-01-05,"Five stars! Reliable, solid construction and crisp performance.",Great quality product,True
A002991N,B0001019,3.0,"01 05, 2024",1704427200,2024-01-05,Works as advertised. Average battery life and fair ergonomics.,Average experience,True
A002091R,B0001009,5.0,"01 05, 2024",1704427200,2024-01-05,"Five stars! Reliable, solid construction and crisp performance.",Great quality product,True
A001977K,B0001146,5.0,"01 05, 2024",1704427200,2024-01-05,Very pleased with this purchase. Super fast delivery and great packaging.,Great quality product,True
A000027T,B0001084,4.0,"01 05, 2024",1704427200,2024-01-05,"Five stars! Reliable, solid construction and crisp performance.",Great quality product,True
A001579L,B0001067,4.0,"01 05, 2024",1704427200,2024-01-05,"Five stars! Reliable, solid construction and crisp performance.",Great quality product,True
A001754H,B0001225,4.0,"01 05, 2024",1704427200,2024-01-05,Fantastic performance and great design. Would definitely purchase again.,Great quality product,True
A000689B,B0001066,1.0,"01 05, 2024",1704427200,2024-01-05,Doesn't live up to the marketing claims. Disappointed with the quality.,Could be better,True
A001042U,B0001176,1.0,"01 05, 2024",1704427200,2024-01-05,Customer support was slow and the product felt flimsy.,Could be better,True
A000848A,B0001031,1.0,"01 05, 2024",1704427200,2024-01-05,Not satisfied with the durability. Stopped functioning as expected.,Could be better,False
A002984B,B0001001,5.0,"01 05, 2024",1704427200,2024-01-05,Works straight out of the box. Highly recommended for daily use!,Great quality product,True
A000382X,B0001009,2.0,"01 06, 2024",1704513600,2024-01-06,Doesn't live up to the marketing claims. Disappointed with the quality.,Could be better,True
A001098K,B0001213,5.0,"01 06, 2024",1704513600,2024-01-06,"Exceptional build quality, exceeds expectations for the price point.",Great quality product,True
A000200J,B0001041,4.0,"01 06, 2024",1704513600,2024-01-06,Fantastic performance and great design. Would definitely purchase again.,Great quality product,True
A000266S,B0001001,5.0,"01 06, 2024",1704513600,2024-01-06,Works straight out of the box. Highly recommended for daily use!,Great quality product,True
A000715H,B0001055,3.0,"01 06, 2024",1704513600,2024-01-06,Works as advertised. Average battery life and fair ergonomics.,Average experience,False
A002697J,B0001182,1.0,"01 06, 2024",1704513600,2024-01-06,Not satisfied with the durability. Stopped functioning as expected.,Could be better,True
A002959D,B0001099,4.0,"01 06, 2024",1704513600,2024-01-06,Works straight out of the box. Highly recommended for daily use!,Great quality product,False
A002922K,B0001003,1.0,"01 06, 2024",1704513600,2024-01-06,Doesn't live up to the marketing claims. Disappointed with the quality.,Could be better,False
A001227T,B0001001,4.0,"01 06, 2024",1704513600,2024-01-06,"Five stars! Reliable, solid construction and crisp performance.",Great quality product,True
A000733V,B0001115,4.0,"01 06, 2024",1704513600,2024-01-06,Fantastic performance and great design. Would definitely purchase again.,Great quality product,True
A000095F,B0001222,4.0,"01 06, 2024",1704513600,2024-01-06,Very pleased with this purchase. Super fast delivery and great packaging.,Great quality product,True
A001573S,B0001236,1.0,"01 06, 2024",1704513600,2024-01-06,Doesn't live up to the marketing claims. Disappointed with the quality.,Could be better,True
A000548X,B0001130,4.0,"01 06, 2024",1704513600,2024-01-06,"Five stars! Reliable, solid construction and crisp performance.",Great quality product,True
A002399D,B0001051,4.0,"01 06, 2024",1704513600,2024-01-06,Very pleased with this purchase. Super fast delivery and great packaging.,Great quality product,True
A000620L,B0001040,3.0,"01 06, 2024",1704513600,2024-01-06,"Decent product for the cost, but has a few minor design quirks.",Average experience,True
A002286U,B0001206,5.0,"01 06, 2024",1704513600,2024-01-06,Very pleased with this purchase. Super fast delivery and great packaging.,Great quality product,True
A001043M,B0001155,5.0,"01 06, 2024",1704513600,2024-01-06,Fantastic performance and great design. Would definitely purchase again.,Great quality product,True
A001199U,B0001048,2.0,"01 06, 2024",1704513600,2024-01-06,Customer support was slow and the product felt flimsy.,Could be better,True
A001667Z,B0001128,4.0,"01 06, 2024",1704513600,2024-01-06,"Five stars! Reliable, solid construction and crisp performance.",Great quality product,True
A000319D,B0001180,5.0,"01 06, 2024",1704513600,2024-01-06,Fantastic performance and great design. Would definitely purchase again.,Great quality product,True
A001475J,B0001039,5.0,"01 06, 2024",1704513600,2024-01-06,Very pleased with this purchase. Super fast delivery and great packaging.,Great quality product,True
A000891W,B0001184,5.0,"01 06, 2024",1704513600,2024-01-06,Works straight out of the box. Highly recommended for daily use!,Great quality product,True
A002998M,B0001009,1.0,"01 07, 2024",1704600000,2024-01-07,Customer support was slow and the product felt flimsy.,Could be better,True
A001291Z,B0001105,5.0,"01 07, 2024",1704600000,2024-01-07,"Exceptional build quality, exceeds expectations for the price point.",Great quality product,True
A001562C,B0001016,4.0,"01 07, 2024",1704600000,2024-01-07,Works straight out of the box. Highly recommended for daily use!,Great quality product,False
A002558Y,B0001110,5.0,"01 07, 2024",1704600000,2024-01-07,"Exceptional build quality, exceeds expectations for the price point.",Great quality product,True
A002717H,B0001061,1.0,"01 07, 2024",1704600000,2024-01-07,Not satisfied with the durability. Stopped functioning as expected.,Could be better,True
A001333Z,B0001058,4.0,"01 07, 2024",1704600000,2024-01-07,"Five stars! Reliable, solid construction and crisp performance.",Great quality product,True
A000520S,B0001006,5.0,"01 07, 2024",1704600000,2024-01-07,Fantastic performance and great design. Would definitely purchase again.,Great quality product,True
A000522D,B0001057,4.0,"01 07, 2024",1704600000,2024-01-07,"Exceptional build quality, exceeds expectations for the price point.",Great quality product,False
A000763H,B0001167,3.0,"01 07, 2024",1704600000,2024-01-07,Works as advertised. Average battery life and fair ergonomics.,Average experience,True
A002842H,B0001024,4.0,"01 07, 2024",1704600000,2024-01-07,Very pleased with this purchase. Super fast delivery and great packaging.,Great quality product,True
A001307S,B0001234,4.0,"01 07, 2024",1704600000,2024-01-07,"Exceptional build quality, exceeds expectations for the price point.",Great quality product,False
A000346D,B0001019,4.0,"01 07, 2024",1704600000,2024-01-07,"Five stars! Reliable, solid construction and crisp performance.",Great quality product,True
A002515E,B0001235,1.0,"01 07, 2024",1704600000,2024-01-07,Doesn't live up to the marketing claims. Disappointed with the quality.,Could be better,True
A001434R,B0001103,1.0,"01 07, 2024",1704600000,2024-01-07,Doesn't live up to the marketing claims. Disappointed with the quality.,Could be better,True
A002539C,B0001039,3.0,"01 07, 2024",1704600000,2024-01-07,"Met my basic expectations. Not premium, but good value overall.",Average experience,False
A001110V,B0001002,4.0,"01 07, 2024",1704600000,2024-01-07,"Five stars! Reliable, solid construction and crisp performance.",Great quality product,True
A000524S,B0001017,4.0,"01 07, 2024",1704600000,2024-01-07,Works straight out of the box. Highly recommended for daily use!,Great quality product,True
A000277R,B0001003,3.0,"01 07, 2024",1704600000,2024-01-07,Works as advertised. Average battery life and fair ergonomics.,Average experience,True
A001849Z,B0001006,3.0,"01 07, 2024",1704600000,2024-01-07,Works as advertised. Average battery life and fair ergonomics.,Average experience,True
A002614C,B0001041,3.0,"01 07, 2024",1704600000,2024-01-07,"Decent product for the cost, but has a few minor design quirks.",Average experience,True
A000593V,B0001073,4.0,"01 07, 2024",1704600000,2024-01-07,Works straight out of the box. Highly recommended for daily use!,Great quality product,True
A002333K,B0001114,4.0,"01 07, 2024",1704600000,2024-01-07,Fantastic performance and great design. Would definitely purchase again.,Great quality product,True
A000760N,B0001035,2.0,"01 07, 2024",1704600000,2024-01-07,Not satisfied with the durability. Stopped functioning as expected.,Could be better,True
A002999G,B0001015,4.0,"01 07, 2024",1704600000,2024-01-07,Works straight out of the box. Highly recommended for daily use!,Great quality product,True
A002324K,B0001047,4.0,"01 08, 2024",1704686400,2024-01-08,"Exceptional build quality, exceeds expectations for the price point.",Great quality product,True
A001883V,B0001180,4.0,"01 08, 2024",1704686400,2024-01-08,"Five stars! Reliable, solid construction and crisp performance.",Great quality product,True
A001006G,B0001192,4.0,"01 08, 2024",1704686400,2024-01-08,"Five stars! Reliable, solid construction and crisp performance.",Great quality product,False
A002008J,B0001119,2.0,"01 08, 2024",1704686400,2024-01-08,Customer support was slow and the product felt flimsy.,Could be better,True
A001609G,B0001016,5.0,"01 08, 2024",1704686400,2024-01-08,"Exceptional build quality, exceeds expectations for the price point.",Great quality product,True
A001991C,B0001078,4.0,"01 08, 2024",1704686400,2024-01-08,Works straight out of the box. Highly recommended for daily use!,Great quality product,True
A001081K,B0001091,1.0,"01 08, 2024",1704686400,2024-01-08,Not satisfied with the durability. Stopped functioning as expected.,Could be better,True
A002967X,B0001042,2.0,"01 08, 2024",1704686400,2024-01-08,Not satisfied with the durability. Stopped functioning as expected.,Could be better,True
A000201G,B0001011,4.0,"01 08, 2024",1704686400,2024-01-08,Fantastic performance and great design. Would definitely purchase again.,Great quality product,True
A000824H,B0001157,4.0,"01 08, 2024",1704686400,2024-01-08,Very pleased with this purchase. Super fast delivery and great packaging.,Great quality product,True
A002979Q,B0001220,3.0,"01 08, 2024",1704686400,2024-01-08,"Met my basic expectations. Not premium, but good value overall.",Average experience,True
A001072U,B0001075,3.0,"01 08, 2024",1704686400,2024-01-08,"Decent product for the cost, but has a few minor design quirks.",Average experience,False
A001654X,B0001001,5.0,"01 08, 2024",1704686400,2024-01-08,Very pleased with this purchase. Super fast delivery and great packaging.,Great quality product,True
A000225V,B0001057,4.0,"01 08, 2024",1704686400,2024-01-08,Very pleased with this purchase. Super fast delivery and great packaging.,Great quality product,True
A001914V,B0001011,4.0,"01 08, 2024",1704686400,2024-01-08,"Exceptional build quality, exceeds expectations for the price point.",Great quality product,True
A000823M,B0001225,3.0,"01 08, 2024",1704686400,2024-01-08,"Met my basic expectations. Not premium, but good value overall.",Average experience,True
A001170H,B0001138,4.0,"01 08, 2024",1704686400,2024-01-08,Fantastic performance and great design. Would definitely purchase again.,Great quality product,True
A002632V,B0001047,4.0,"01 08, 2024",1704686400,2024-01-08,Fantastic performance and great design. Would definitely purchase again.,Great quality product,True
A001142Y,B0001045,2.0,"01 08, 2024",1704686400,2024-01-08,Customer support was slow and the product felt flimsy.,Could be better,True
A000087M,B0001020,2.0,"01 08, 2024",1704686400,2024-01-08,Doesn't live up to the marketing claims. Disappointed with the quality.,Could be better,True
A002490R,B0001054,5.0,"01 08, 2024",1704686400,2024-01-08,Works straight out of the box. Highly recommended for daily use!,Great quality product,True
A001552P,B0001004,2.0,"01 08, 2024",1704686400,2024-01-08,Doesn't live up to the marketing claims. Disappointed with the quality.,Could be better,True
A000047M,B0001176,4.0,"01 08, 2024",1704686400,2024-01-08,Very pleased with this purchase. Super fast delivery and great packaging.,Great quality product,True
A001395W,B0001149,5.0,"01 08, 2024",1704686400,2024-01-08,Very pleased with this purchase. Super fast delivery and great packaging.,Great quality product,True
A002351Y,B0001081,5.0,"01 08, 2024",1704686400,2024-01-08,"Five stars! Reliable, solid construction and crisp performance.",Great quality product,True
A002578R,B0001085,4.0,"01 08, 2024",1704686400,2024-01-08,Works straight out of the box. Highly recommended for daily use!,Great quality product,True
A002660A,B0001189,3.0,"01 08, 2024",1704686400,2024-01-08,Works as advertised. Average battery life and fair ergonomics.,Average experience,True
A002201N,B0001101,5.0,"01 08, 2024",1704686400,2024-01-08,"Exceptional build quality, exceeds expectations for the price point.",Great quality product,True
A000691L,B0001139,4.0,"01 08, 2024",1704686400,2024-01-08,Works straight out of the box. Highly recommended for daily use!,Great quality product,True
A001954H,B0001059,4.0,"01 08, 2024",1704686400,2024-01-08,"Five stars! Reliable, solid construction and crisp performance.",Great quality product,True
A001267L,B0001111,2.0,"01 08, 2024",1704686400,2024-01-08,Doesn't live up to the marketing claims. Disappointed with the quality.,Could be better,True
A001889R,B0001076,1.0,"01 08, 2024",1704686400,2024-01-08,Doesn't live up to the marketing claims. Disappointed with the quality.,Could be better,True
A001909D,B0001032,4.0,"01 08, 2024",1704686400,2024-01-08,Fantastic performance and great design. Would definitely purchase again.,Great quality product,True
A001106U,B0001013,5.0,"01 08, 2024",1704686400,2024-01-08,"Five stars! Reliable, solid construction and crisp performance.",Great quality product,False
A000560Q,B0001022,4.0,"01 08, 2024",1704686400,2024-01-08,Fantastic performance and great design. Would definitely purchase again.,Great quality product,True
A001539W,B0001011,5.0,"01 08, 2024",1704686400,2024-01-08,Very pleased with this purchase. Super fast delivery and great packaging.,Great quality product,True
A000016H,B0001061,5.0,"01 08, 2024",1704686400,2024-01-08,"Five stars! Reliable, solid construction and crisp performance.",Great quality product,True
A002161W,B0001025,1.0,"01 08, 2024",1704686400,2024-01-08,Doesn't live up to the marketing claims. Disappointed with the quality.,Could be better,True
A001725M,B0001023,4.0,"01 09, 2024",1704772800,2024-01-09,Fantastic performance and great design. Would definitely purchase again.,Great quality product,True
A002726B,B0001169,5.0,"01 09, 2024",1704772800,2024-01-09,Works straight out of the box. Highly recommended for daily use!,Great quality product,True
A001240D,B0001002,5.0,"01 09, 2024",1704772800,2024-01-09,"Five stars! Reliable, solid construction and crisp performance.",Great quality product,True
A002788R,B0001080,3.0,"01 09, 2024",1704772800,2024-01-09,"Met my basic expectations. Not premium, but good value overall.",Average experience,True
A002480C,B0001138,5.0,"01 09, 2024",1704772800,2024-01-09,Very pleased with this purchase. Super fast delivery and great packaging.,Great quality product,True
A002391K,B0001013,4.0,"01 09, 2024",1704772800,2024-01-09,Very pleased with this purchase. Super fast delivery and great packaging.,Great quality product,True
A001531F,B0001172,2.0,"01 09, 2024",1704772800,2024-01-09,Doesn't live up to the marketing claims. Disappointed with the quality.,Could be better,False
A000481P,B0001149,3.0,"01 09, 2024",1704772800,2024-01-09,Works as advertised. Average battery life and fair ergonomics.,Average experience,True
A002151Y,B0001001,5.0,"01 09, 2024",1704772800,2024-01-09,Fantastic performance and great design. Would definitely purchase again.,Great quality product,True
A001840R,B0001098,5.0,"01 09, 2024",1704772800,2024-01-09,"Exceptional build quality, exceeds expectations for the price point.",Great quality product,True
A001400G,B0001020,5.0,"01 09, 2024",1704772800,2024-01-09,Fantastic performance and great design. Would definitely purchase again.,Great quality product,True
A002641S,B0001248,3.0,"01 09, 2024",1704772800,2024-01-09,"Decent product for the cost, but has a few minor design quirks.",Average experience,True
A000661Y,B0001108,4.0,"01 09, 2024",1704772800,2024-01-09,"Five stars! Reliable, solid construction and crisp performance.",Great quality product,False
A000330C,B0001078,5.0,"01 09, 2024",1704772800,2024-01-09,Works straight out of the box. Highly recommended for daily use!,Great quality product,True
A000279Q,B0001004,4.0,"01 09, 2024",1704772800,2024-01-09,Very pleased with this purchase. Super fast delivery and great packaging.,Great quality product,True
A002261F,B0001001,4.0,"01 09, 2024",1704772800,2024-01-09,Fantastic performance and great design. Would definitely purchase again.,Great quality product,True
A002304D,B0001030,3.0,"01 09, 2024",1704772800,2024-01-09,"Met my basic expectations. Not premium, but good value overall.",Average experience,True
A001944F,B0001019,1.0,"01 09, 2024",1704772800,2024-01-09,Customer support was slow and the product felt flimsy.,Could be better,True
A000159R,B0001105,4.0,"01 09, 2024",1704772800,2024-01-09,"Exceptional build quality, exceeds expectations for the price point.",Great quality product,True
A002400U,B0001071,4.0,"01 09, 2024",1704772800,2024-01-09,"Exceptional build quality, exceeds expectations for the price point.",Great quality product,True
A002323Y,B0001007,2.0,"01 09, 2024",1704772800,2024-01-09,Not satisfied with the durability. Stopped functioning as expected.,Could be better,True
A002448Y,B0001062,5.0,"01 09, 2024",1704772800,2024-01-09,Fantastic performance and great design. Would definitely purchase again.,Great quality product,True
A001297J,B0001200,5.0,"01 09, 2024",1704772800,2024-01-09,"Exceptional build quality, exceeds expectations for the price point.",Great quality product,True
A000894M,B0001085,4.0,"01 09, 2024",1704772800,2024-01-09,"Five stars! Reliable, solid construction and crisp performance.",Great quality product,True
A000930Q,B0001091,3.0,"01 09, 2024",1704772800,2024-01-09,"Decent product for the cost, but has a few minor design quirks.",Average experience,True
A002930Y,B0001027,5.0,"01 09, 2024",1704772800,2024-01-09,Works straight out of the box. Highly recommended for daily use!,Great quality product,True
A000015E,B0001002,2.0,"01 09, 2024",1704772800,2024-01-09,Not satisfied with the durability. Stopped functioning as expected.,Could be better,True
A001691T,B0001004,4.0,"01 09, 2024",1704772800,2024-01-09,Works straight out of the box. Highly recommended for daily use!,Great quality product,True
A002787B,B0001016,5.0,"01 10, 2024",1704859200,2024-01-10,"Exceptional build quality, exceeds expectations for the price point.",Great quality product,False
A000023A,B0001075,4.0,"01 10, 2024",1704859200,2024-01-10,Works straight out of the box. Highly recommended for daily use!,Great quality product,True
A001429T,B0001120,5.0,"01 10, 2024",1704859200,2024-01-10,"Exceptional build quality, exceeds expectations for the price point.",Great quality product,True
A001538D,B0001189,4.0,"01 10, 2024",1704859200,2024-01-10,"Exceptional build quality, exceeds expectations for the price point.",Great quality product,True
A001914V,B0001010,5.0,"01 10, 2024",1704859200,2024-01-10,"Five stars! Reliable, solid construction and crisp performance.",Great quality product,False
A001509A,B0001004,4.0,"01 10, 2024",1704859200,2024-01-10,"Exceptional build quality, exceeds expectations for the price point.",Great quality product,True
A001921M,B0001075,3.0,"01 10, 2024",1704859200,2024-01-10,Works as advertised. Average battery life and fair ergonomics.,Average experience,True
A001365H,B0001035,5.0,"01 10, 2024",1704859200,2024-01-10,Works straight out of the box. Highly recommended for daily use!,Great quality product,True
A002241S,B0001003,5.0,"01 10, 2024",1704859200,2024-01-10,Very pleased with this purchase. Super fast delivery and great packaging.,Great quality product,True
A000050Y,B0001097,5.0,"01 10, 2024",1704859200,2024-01-10,Fantastic performance and great design. Would definitely purchase again.,Great quality product,True
A000976M,B0001241,4.0,"01 10, 2024",1704859200,2024-01-10,"Exceptional build quality, exceeds expectations for the price point.",Great quality product,True
A002823C,B0001052,4.0,"01 10, 2024",1704859200,2024-01-10,Fantastic performance and great design. Would definitely purchase again.,Great quality product,True
A001354X,B0001237,1.0,"01 10, 2024",1704859200,2024-01-10,Customer support was slow and the product felt flimsy.,Could be better,True
A001382X,B0001017,4.0,"01 10, 2024",1704859200,2024-01-10,"Exceptional build quality, exceeds expectations for the price point.",Great quality product,True
A000670M,B0001039,3.0,"01 10, 2024",1704859200,2024-01-10,"Decent product for the cost, but has a few minor design quirks.",Average experience,False
A001015X,B0001129,3.0,"01 10, 2024",1704859200,2024-01-10,"Decent product for the cost, but has a few minor design quirks.",Average experience,False
A001675G,B0001001,3.0,"01 10, 2024",1704859200,2024-01-10,Works as advertised. Average battery life and fair ergonomics.,Average experience,True
A000174Z,B0001109,4.0,"01 10, 2024",1704859200,2024-01-10,Works straight out of the box. Highly recommended for daily use!,Great quality product,True
A002029E,B0001003,5.0,"01 10, 2024",1704859200,2024-01-10,"Five stars! Reliable, solid construction and crisp performance.",Great quality product,True
A000880B,B0001011,5.0,"01 10, 2024",1704859200,2024-01-10,Works straight out of the box. Highly recommended for daily use!,Great quality product,True
A000026X,B0001036,1.0,"01 10, 2024",1704859200,2024-01-10,Not satisfied with the durability. Stopped functioning as expected.,Could be better,True
A001925H,B0001111,4.0,"01 10, 2024",1704859200,2024-01-10,Works straight out of the box. Highly recommended for daily use!,Great quality product,False
A001618B,B0001197,5.0,"01 10, 2024",1704859200,2024-01-10,Works straight out of the box. Highly recommended for daily use!,Great quality product,True
A002008J,B0001055,3.0,"01 10, 2024",1704859200,2024-01-10,"Met my basic expectations. Not premium, but good value overall.",Average experience,True
A002115W,B0001222,1.0,"01 10, 2024",1704859200,2024-01-10,Customer support was slow and the product felt flimsy.,Could be better,True
A000801B,B0001003,3.0,"01 10, 2024",1704859200,2024-01-10,Works as advertised. Average battery life and fair ergonomics.,Average experience,True
A000282L,B0001007,3.0,"01 10, 2024",1704859200,2024-01-10,Works as advertised. Average battery life and fair ergonomics.,Average experience,True
A001990Z,B0001027,3.0,"01 10, 2024",1704859200,2024-01-10,"Decent product for the cost, but has a few minor design quirks.",Average experience,True
A002554H,B0001047,5.0,"01 10, 2024",1704859200,2024-01-10,Fantastic performance and great design. Would definitely purchase again.,Great quality product,True
A000750S,B0001009,2.0,"01 10, 2024",1704859200,2024-01-10,Not satisfied with the durability. Stopped functioning as expected.,Could be better,True
A001945C,B0001091,4.0,"01 10, 2024",1704859200,2024-01-10,Fantastic performance and great design. Would definitely purchase again.,Great quality product,True
A000669S,B0001001,2.0,"01 10, 2024",1704859200,2024-01-10,Doesn't live up to the marketing claims. Disappointed with the quality.,Could be better,True
A002191X,B0001003,3.0,"01 11, 2024",1704945600,2024-01-11,"Met my basic expectations. Not premium, but good value overall.",Average experience,True
A001806K,B0001068,1.0,"01 11, 2024",1704945600,2024-01-11,Not satisfied with the durability. Stopped functioning as expected.,Could be better,True
A000239H,B0001003,3.0,"01 11, 2024",1704945600,2024-01-11,"Decent product for the cost, but has a few minor design quirks.",Average experience,True
A002029E,B0001028,4.0,"01 11, 2024",1704945600,2024-01-11,Works straight out of the box. Highly recommended for daily use!,Great quality product,True
A001653Q,B0001117,3.0,"01 11, 2024",1704945600,2024-01-11,Works as advertised. Average battery life and fair ergonomics.,Average experience,True
A002214Y,B0001039,3.0,"01 11, 2024",1704945600,2024-01-11,"Decent product for the cost, but has a few minor design quirks.",Average experience,True
A000225V,B0001189,4.0,"01 11, 2024",1704945600,2024-01-11,Very pleased with this purchase. Super fast delivery and great packaging.,Great quality product,True
A002719H,B0001013,2.0,"01 11, 2024",1704945600,2024-01-11,Not satisfied with the durability. Stopped functioning as expected.,Could be better,False
A002663E,B0001031,4.0,"01 11, 2024",1704945600,2024-01-11,"Five stars! Reliable, solid construction and crisp performance.",Great quality product,True
A001081K,B0001001,1.0,"01 11, 2024",1704945600,2024-01-11,Customer support was slow and the product felt flimsy.,Could be better,False
A001934C,B0001001,3.0,"01 11, 2024",1704945600,2024-01-11,"Met my basic expectations. Not premium, but good value overall.",Average experience,True
A002291G,B0001007,4.0,"01 11, 2024",1704945600,2024-01-11,Very pleased with this purchase. Super fast delivery and great packaging.,Great quality product,True
A000021J,B0001004,2.0,"01 11, 2024",1704945600,2024-01-11,Not satisfied with the durability. Stopped functioning as expected.,Could be better,True
A000992R,B0001004,1.0,"01 11, 2024",1704945600,2024-01-11,Not satisfied with the durability. Stopped functioning as expected.,Could be better,True
A002382C,B0001118,4.0,"01 11, 2024",1704945600,2024-01-11,Very pleased with this purchase. Super fast delivery and great packaging.,Great quality product,False
A001142Y,B0001008,3.0,"01 11, 2024",1704945600,2024-01-11,"Decent product for the cost, but has a few minor design quirks.",Average experience,True
A002635K,B0001128,3.0,"01 11, 2024",1704945600,2024-01-11,Works as advertised. Average battery life and fair ergonomics.,Average experience,True
A000708Z,B0001243,4.0,"01 11, 2024",1704945600,2024-01-11,Fantastic performance and great design. Would definitely purchase again.,Great quality product,False
A001510J,B0001039,4.0,"01 11, 2024",1704945600,2024-01-11,"Exceptional build quality, exceeds expectations for the price point.",Great quality product,True
A000694V,B0001035,5.0,"01 11, 2024",1704945600,2024-01-11,Fantastic performance and great design. Would definitely purchase again.,Great quality product,True
A000436S,B0001005,4.0,"01 11, 2024",1704945600,2024-01-11,Very pleased with this purchase. Super fast delivery and great packaging.,Great quality product,True
A002056A,B0001238,5.0,"01 11, 2024",1704945600,2024-01-11,"Five stars! Reliable, solid construction and crisp performance.",Great quality product,True
A002001V,B0001175,5.0,"01 11, 2024",1704945600,2024-01-11,Very pleased with this purchase. Super fast delivery and great packaging.,Great quality product,True
A001296R,B0001062,5.0,"01 11, 2024",1704945600,2024-01-11,"Exceptional build quality, exceeds expectations for the price point.",Great quality product,True
A002377P,B0001052,5.0,"01 11, 2024",1704945600,2024-01-11,"Exceptional build quality, exceeds expectations for the price point.",Great quality product,True
A002893H,B0001008,2.0,"01 11, 2024",1704945600,2024-01-11,Customer support was slow and the product felt flimsy.,Could be better,False
A001399G,B0001017,4.0,"01 11, 2024",1704945600,2024-01-11,Works straight out of the box. Highly recommended for daily use!,Great quality product,True
A001982N,B0001065,3.0,"01 12, 2024",1705032000,2024-01-12,"Met my basic expectations. Not premium, but good value overall.",Average experience,True
A001111Z,B0001004,4.0,"01 12, 2024",1705032000,2024-01-12,"Five stars! Reliable, solid construction and crisp performance.",Great quality product,True
A002824T,B0001199,4.0,"01 12, 2024",1705032000,2024-01-12,Very pleased with this purchase. Super fast delivery and great packaging.,Great quality product,False
A001090C,B0001231,5.0,"01 12, 2024",1705032000,2024-01-12,Fantastic performance and great design. Would definitely purchase again.,Great quality product,True
A002860D,B0001007,5.0,"01 12, 2024",1705032000,2024-01-12,Fantastic performance and great design. Would definitely purchase again.,Great quality product,False
A000973X,B0001107,3.0,"01 12, 2024",1705032000,2024-01-12,Works as advertised. Average battery life and fair ergonomics.,Average experience,True
A000721M,B0001191,1.0,"01 12, 2024",1705032000,2024-01-12,Not satisfied with the durability. Stopped functioning as expected.,Could be better,True
A002567S,B0001047,1.0,"01 12, 2024",1705032000,2024-01-12,Not satisfied with the durability. Stopped functioning as expected.,Could be better,True
A002726B,B0001072,5.0,"01 12, 2024",1705032000,2024-01-12,Fantastic performance and great design. Would definitely purchase again.,Great quality product,True
A002823C,B0001004,4.0,"01 12, 2024",1705032000,2024-01-12,Fantastic performance and great design. Would definitely purchase again.,Great quality product,True
A000780E,B0001009,3.0,"01 12, 2024",1705032000,2024-01-12,"Met my basic expectations. Not premium, but good value overall.",Average experience,True
A002558Y,B0001024,4.0,"01 12, 2024",1705032000,2024-01-12,Works straight out of the box. Highly recommended for daily use!,Great quality product,True
A001713J,B0001111,3.0,"01 12, 2024",1705032000,2024-01-12,"Met my basic expectations. Not premium, but good value overall.",Average experience,True
A000737W,B0001040,5.0,"01 12, 2024",1705032000,2024-01-12,Very pleased with this purchase. Super fast delivery and great packaging.,Great quality product,True
A001883V,B0001191,2.0,"01 12, 2024",1705032000,2024-01-12,Doesn't live up to the marketing claims. Disappointed with the quality.,Could be better,True
A002643S,B0001137,2.0,"01 12, 2024",1705032000,2024-01-12,Doesn't live up to the marketing claims. Disappointed with the quality.,Could be better,True
A000484C,B0001112,5.0,"01 12, 2024",1705032000,2024-01-12,Works straight out of the box. Highly recommended for daily use!,Great quality product,True
A001457Z,B0001189,5.0,"01 12, 2024",1705032000,2024-01-12,Works straight out of the box. Highly recommended for daily use!,Great quality product,True
A000552V,B0001246,4.0,"01 12, 2024",1705032000,2024-01-12,Works straight out of the box. Highly recommended for daily use!,Great quality product,True
A001765G,B0001041,3.0,"01 12, 2024",1705032000,2024-01-12,"Decent product for the cost, but has a few minor design quirks.",Average experience,True
A002103D,B0001112,3.0,"01 12, 2024",1705032000,2024-01-12,"Met my basic expectations. Not premium, but good value overall.",Average experience,True
A000399E,B0001062,4.0,"01 12, 2024",1705032000,2024-01-12,Works straight out of the box. Highly recommended for daily use!,Great quality product,True
A002820K,B0001052,4.0,"01 12, 2024",1705032000,2024-01-12,Very pleased with this purchase. Super fast delivery and great packaging.,Great quality product,True
A002473U,B0001001,1.0,"01 13, 2024",1705118400,2024-01-13,Not satisfied with the durability. Stopped functioning as expected.,Could be better,True
A000800D,B0001135,5.0,"01 13, 2024",1705118400,2024-01-13,Very pleased with this purchase. Super fast delivery and great packaging.,Great quality product,False
A001443W,B0001193,5.0,"01 13, 2024",1705118400,2024-01-13,"Exceptional build quality, exceeds expectations for the price point.",Great quality product,True
A000420E,B0001034,5.0,"01 13, 2024",1705118400,2024-01-13,Fantastic performance and great design. Would definitely purchase again.,Great quality product,True
A002930Y,B0001019,4.0,"01 13, 2024",1705118400,2024-01-13,Fantastic performance and great design. Would definitely purchase again.,Great quality product,True
A001725M,B0001129,5.0,"01 13, 2024",1705118400,2024-01-13,"Five stars! Reliable, solid construction and crisp performance.",Great quality product,True
A001936N,B0001167,3.0,"01 13, 2024",1705118400,2024-01-13,Works as advertised. Average battery life and fair ergonomics.,Average experience,False
A001921M,B0001218,3.0,"01 13, 2024",1705118400,2024-01-13,"Decent product for the cost, but has a few minor design quirks.",Average experience,True
A001398R,B0001086,2.0,"01 13, 2024",1705118400,2024-01-13,Customer support was slow and the product felt flimsy.,Could be better,False
A002763C,B0001066,3.0,"01 13, 2024",1705118400,2024-01-13,"Decent product for the cost, but has a few minor design quirks.",Average experience,True
A001087M,B0001054,3.0,"01 13, 2024",1705118400,2024-01-13,"Decent product for the cost, but has a few minor design quirks.",Average experience,True
A000565B,B0001235,3.0,"01 13, 2024",1705118400,2024-01-13,"Decent product for the cost, but has a few minor design quirks.",Average experience,True
A002562R,B0001229,4.0,"01 13, 2024",1705118400,2024-01-13,Very pleased with this purchase. Super fast delivery and great packaging.,Great quality product,True
A000121N,B0001006,3.0,"01 13, 2024",1705118400,2024-01-13,"Met my basic expectations. Not premium, but good value overall.",Average experience,True
A000592L,B0001024,4.0,"01 13, 2024",1705118400,2024-01-13,"Five stars! Reliable, solid construction and crisp performance.",Great quality product,True
A001227T,B0001004,5.0,"01 13, 2024",1705118400,2024-01-13,Works straight out of the box. Highly recommended for daily use!,Great quality product,True
A000565B,B0001057,5.0,"01 13, 2024",1705118400,2024-01-13,"Five stars! Reliable, solid construction and crisp performance.",Great quality product,False
A000877B,B0001024,2.0,"01 13, 2024",1705118400,2024-01-13,Doesn't live up to the marketing claims. Disappointed with the quality.,Could be better,True
A002910E,B0001101,4.0,"01 13, 2024",1705118400,2024-01-13,Fantastic performance and great design. Would definitely purchase again.,Great quality product,True
A001278R,B0001026,4.0,"01 14, 2024",1705204800,2024-01-14,Very pleased with this purchase. Super fast delivery and great packaging.,Great quality product,True
A000318Z,B0001087,4.0,"01 14, 2024",1705204800,2024-01-14,Works straight out of the box. Highly recommended for daily use!,Great quality product,True
A002635K,B0001177,2.0,"01 14, 2024",1705204800,2024-01-14,Not satisfied with the durability. Stopped functioning as expected.,Could be better,False
A002380R,B0001073,2.0,"01 14, 2024",1705204800,2024-01-14,Customer support was slow and the product felt flimsy.,Could be better,False
A000407N,B0001082,5.0,"01 14, 2024",1705204800,2024-01-14,Fantastic performance and great design. Would definitely purchase again.,Great quality product,True
A002423D,B0001040,1.0,"01 14, 2024",1705204800,2024-01-14,Customer support was slow and the product felt flimsy.,Could be better,True
A001718F,B0001124,2.0,"01 14, 2024",1705204800,2024-01-14,Not satisfied with the durability. Stopped functioning as expected.,Could be better,True
A000203Q,B0001052,3.0,"01 14, 2024",1705204800,2024-01-14,"Decent product for the cost, but has a few minor design quirks.",Average experience,False
A000297K,B0001001,4.0,"01 14, 2024",1705204800,2024-01-14,"Five stars! Reliable, solid construction and crisp performance.",Great quality product,True
A000823M,B0001046,5.0,"01 14, 2024",1705204800,2024-01-14,"Five stars! Reliable, solid construction and crisp performance.",Great quality product,True
A002756J,B0001046,5.0,"01 14, 2024",1705204800,2024-01-14,"Exceptional build quality, exceeds expectations for the price point.",Great quality product,True
A000356M,B0001033,3.0,"01 14, 2024",1705204800,2024-01-14,"Decent product for the cost, but has a few minor design quirks.",Average experience,True
A001856E,B0001008,4.0,"01 14, 2024",1705204800,2024-01-14,Works straight out of the box. Highly recommended for daily use!,Great quality product,True
A001618B,B0001227,3.0,"01 14, 2024",1705204800,2024-01-14,"Met my basic expectations. Not premium, but good value overall.",Average experience,True
A002286U,B0001111,4.0,"01 14, 2024",1705204800,2024-01-14,"Exceptional build quality, exceeds expectations for the price point.",Great quality product,True
A001564Q,B0001051,5.0,"01 14, 2024",1705204800,2024-01-14,Works straight out of the box. Highly recommended for daily use!,Great quality product,True
A002341P,B0001035,2.0,"01 14, 2024",1705204800,2024-01-14,Not satisfied with the durability. Stopped functioning as expected.,Could be better,True
A001590Q,B0001064,5.0,"01 14, 2024",1705204800,2024-01-14,"Exceptional build quality, exceeds expectations for the price point.",Great quality product,True
A001690H,B0001138,4.0,"01 14, 2024",1705204800,2024-01-14,"Five stars! Reliable, solid construction and crisp performance.",Great quality product,True
A001044Q,B0001054,4.0,"01 14, 2024",1705204800,2024-01-14,"Exceptional build quality, exceeds expectations for the price point.",Great quality product,True
A000356M,B0001052,4.0,"01 14, 2024",1705204800,2024-01-14,"Five stars! Reliable, solid construction and crisp performance.",Great quality product,True
A000279Q,B0001085,2.0,"01 15, 2024",1705291200,2024-01-15,Customer support was slow and the product felt flimsy.,Could be better,True
A001372R,B0001031,4.0,"01 15, 2024",1705291200,2024-01-15,"Five stars! Reliable, solid construction and crisp performance.",Great quality product,False
A000212L,B0001058,2.0,"01 15, 2024",1705291200,2024-01-15,Not satisfied with the durability. Stopped functioning as expected.,Could be better,True
A001263S,B0001197,5.0,"01 15, 2024",1705291200,2024-01-15,"Exceptional build quality, exceeds expectations for the price point.",Great quality product,True
A002241S,B0001020,4.0,"01 15, 2024",1705291200,2024-01-15,"Five stars! Reliable, solid construction and crisp performance.",Great quality product,True
A000613V,B0001001,5.0,"01 15, 2024",1705291200,2024-01-15,Very pleased with this purchase. Super fast delivery and great packaging.,Great quality product,True
A001028Y,B0001007,4.0,"01 15, 2024",1705291200,2024-01-15,Very pleased with this purchase. Super fast delivery and great packaging.,Great quality product,True
A000599D,B0001001,4.0,"01 15, 2024",1705291200,2024-01-15,"Five stars! Reliable, solid construction and crisp performance.",Great quality product,False
A001527X,B0001093,1.0,"01 15, 2024",1705291200,2024-01-15,Doesn't live up to the marketing claims. Disappointed with the quality.,Could be better,True
A001047V,B0001014,4.0,"01 15, 2024",1705291200,2024-01-15,Very pleased with this purchase. Super fast delivery and great packaging.,Great quality product,True
A002634V,B0001242,4.0,"01 15, 2024",1705291200,2024-01-15,"Exceptional build quality, exceeds expectations for the price point.",Great quality product,True
A000769L,B0001001,5.0,"01 15, 2024",1705291200,2024-01-15,"Exceptional build quality, exceeds expectations for the price point.",Great quality product,True
A002465E,B0001014,5.0,"01 15, 2024",1705291200,2024-01-15,"Exceptional build quality, exceeds expectations for the price point.",Great quality product,True
A001177P,B0001214,4.0,"01 15, 2024",1705291200,2024-01-15,"Five stars! Reliable, solid construction and crisp performance.",Great quality product,True
A001327G,B0001010,1.0,"01 15, 2024",1705291200,2024-01-15,Customer support was slow and the product felt flimsy.,Could be better,False
A001811Q,B0001167,4.0,"01 15, 2024",1705291200,2024-01-15,Works straight out of the box. Highly recommended for daily use!,Great quality product,True
A001309Z,B0001055,5.0,"01 15, 2024",1705291200,2024-01-15,"Five stars! Reliable, solid construction and crisp performance.",Great quality product,True
A001322L,B0001150,4.0,"01 15, 2024",1705291200,2024-01-15,Works straight out of the box. Highly recommended for daily use!,Great quality product,True
A001897S,B0001036,1.0,"01 15, 2024",1705291200,2024-01-15,Customer support was slow and the product felt flimsy.,Could be better,True
A000608Y,B0001141,4.0,"01 15, 2024",1705291200,2024-01-15,Very pleased with this purchase. Super fast delivery and great packaging.,Great quality product,True
A001739R,B0001019,4.0,"01 15, 2024",1705291200,2024-01-15,"Exceptional build quality, exceeds expectations for the price point.",Great quality product,True
A001438L,B0001003,5.0,"01 15, 2024",1705291200,2024-01-15,"Five stars! Reliable, solid construction and crisp performance.",Great quality product,True
A000405S,B0001244,4.0,"01 15, 2024",1705291200,2024-01-15,Very pleased with this purchase. Super fast delivery and great packaging.,Great quality product,True
A001491X,B0001001,2.0,"01 15, 2024",1705291200,2024-01-15,Customer support was slow and the product felt flimsy.,Could be better,True
A002898Y,B0001107,3.0,"01 16, 2024",1705377600,2024-01-16,Works as advertised. Average battery life and fair ergonomics.,Average experience,True
A001437K,B0001023,4.0,"01 16, 2024",1705377600,2024-01-16,"Exceptional build quality, exceeds expectations for the price point.",Great quality product,True
A001769X,B0001001,4.0,"01 16, 2024",1705377600,2024-01-16,Works straight out of the box. Highly recommended for daily use!,Great quality product,True
A001567M,B0001065,2.0,"01 16, 2024",1705377600,2024-01-16,Not satisfied with the durability. Stopped functioning as expected.,Could be better,True
A000061V,B0001022,2.0,"01 16, 2024",1705377600,2024-01-16,Customer support was slow and the product felt flimsy.,Could be better,True
A000267K,B0001163,3.0,"01 16, 2024",1705377600,2024-01-16,"Met my basic expectations. Not premium, but good value overall.",Average experience,True
A002756J,B0001171,4.0,"01 16, 2024",1705377600,2024-01-16,"Five stars! Reliable, solid construction and crisp performance.",Great quality product,False
A002935L,B0001006,2.0,"01 16, 2024",1705377600,2024-01-16,Not satisfied with the durability. Stopped functioning as expected.,Could be better,True
A001269N,B0001137,3.0,"01 16, 2024",1705377600,2024-01-16,"Decent product for the cost, but has a few minor design quirks.",Average experience,True
A002171Q,B0001188,4.0,"01 16, 2024",1705377600,2024-01-16,Very pleased with this purchase. Super fast delivery and great packaging.,Great quality product,True
A002240G,B0001007,2.0,"01 16, 2024",1705377600,2024-01-16,Customer support was slow and the product felt flimsy.,Could be better,True
A001824E,B0001092,5.0,"01 16, 2024",1705377600,2024-01-16,Works straight out of the box. Highly recommended for daily use!,Great quality product,True
A002098R,B0001033,2.0,"01 16, 2024",1705377600,2024-01-16,Customer support was slow and the product felt flimsy.,Could be better,True
A001652K,B0001177,5.0,"01 16, 2024",1705377600,2024-01-16,Very pleased with this purchase. Super fast delivery and great packaging.,Great quality product,True
A001154Y,B0001041,2.0,"01 16, 2024",1705377600,2024-01-16,Not satisfied with the durability. Stopped functioning as expected.,Could be better,True
A001545E,B0001068,2.0,"01 16, 2024",1705377600,2024-01-16,Doesn't live up to the marketing claims. Disappointed with the quality.,Could be better,True
A001578F,B0001029,5.0,"01 16, 2024",1705377600,2024-01-16,"Five stars! Reliable, solid construction and crisp performance.",Great quality product,True
A000575K,B0001034,1.0,"01 16, 2024",1705377600,2024-01-16,Doesn't live up to the marketing claims. Disappointed with the quality.,Could be better,True
A001952S,B0001030,4.0,"01 16, 2024",1705377600,2024-01-16,"Exceptional build quality, exceeds expectations for the price point.",Great quality product,True
A002628C,B0001008,3.0,"01 16, 2024",1705377600,2024-01-16,"Met my basic expectations. Not premium, but good value overall.",Average experience,True
A001156Z,B0001002,2.0,"01 16, 2024",1705377600,2024-01-16,Doesn't live up to the marketing claims. Disappointed with the quality.,Could be better,True
A001093W,B0001001,2.0,"01 16, 2024",1705377600,2024-01-16,Customer support was slow and the product felt flimsy.,Could be better,True
A002936E,B0001003,1.0,"01 16, 2024",1705377600,2024-01-16,Doesn't live up to the marketing claims. Disappointed with the quality.,Could be better,True
A002389H,B0001005,3.0,"01 17, 2024",1705464000,2024-01-17,"Met my basic expectations. Not premium, but good value overall.",Average experience,True
A002673A,B0001166,5.0,"01 17, 2024",1705464000,2024-01-17,"Exceptional build quality, exceeds expectations for the price point.",Great quality product,True
A001573S,B0001008,3.0,"01 17, 2024",1705464000,2024-01-17,"Decent product for the cost, but has a few minor design quirks.",Average experience,True
A001914V,B0001049,4.0,"01 17, 2024",1705464000,2024-01-17,"Exceptional build quality, exceeds expectations for the price point.",Great quality product,True
A000108L,B0001019,1.0,"01 17, 2024",1705464000,2024-01-17,Doesn't live up to the marketing claims. Disappointed with the quality.,Could be better,True
A001307S,B0001008,3.0,"01 17, 2024",1705464000,2024-01-17,Works as advertised. Average battery life and fair ergonomics.,Average experience,True
A000451N,B0001114,3.0,"01 17, 2024",1705464000,2024-01-17,"Met my basic expectations. Not premium, but good value overall.",Average experience,True
A000981S,B0001066,4.0,"01 17, 2024",1705464000,2024-01-17,"Exceptional build quality, exceeds expectations for the price point.",Great quality product,True
A000982M,B0001195,4.0,"01 17, 2024",1705464000,2024-01-17,"Five stars! Reliable, solid construction and crisp performance.",Great quality product,True
A002317M,B0001035,3.0,"01 17, 2024",1705464000,2024-01-17,"Met my basic expectations. Not premium, but good value overall.",Average experience,True
A001322L,B0001061,4.0,"01 17, 2024",1705464000,2024-01-17,"Five stars! Reliable, solid construction and crisp performance.",Great quality product,True
A000494D,B0001002,4.0,"01 17, 2024",1705464000,2024-01-17,Very pleased with this purchase. Super fast delivery and great packaging.,Great quality product,True
A001379K,B0001003,4.0,"01 17, 2024",1705464000,2024-01-17,"Exceptional build quality, exceeds expectations for the price point.",Great quality product,True
A001097W,B0001014,4.0,"01 17, 2024",1705464000,2024-01-17,Works straight out of the box. Highly recommended for daily use!,Great quality product,True
A001173B,B0001050,1.0,"01 17, 2024",1705464000,2024-01-17,Not satisfied with the durability. Stopped functioning as expected.,Could be better,True
A000626L,B0001157,5.0,"01 17, 2024",1705464000,2024-01-17,"Exceptional build quality, exceeds expectations for the price point.",Great quality product,True
A002163H,B0001102,4.0,"01 17, 2024",1705464000,2024-01-17,Fantastic performance and great design. Would definitely purchase again.,Great quality product,True
A000985W,B0001104,5.0,"01 17, 2024",1705464000,2024-01-17,Works straight out of the box. Highly recommended for daily use!,Great quality product,True
A000346D,B0001050,4.0,"01 17, 2024",1705464000,2024-01-17,Very pleased with this purchase. Super fast delivery and great packaging.,Great quality product,True
A000396X,B0001011,5.0,"01 17, 2024",1705464000,2024-01-17,"Five stars! Reliable, solid construction and crisp performance.",Great quality product,True
A000237A,B0001021,4.0,"01 17, 2024",1705464000,2024-01-17,"Five stars! Reliable, solid construction and crisp performance.",Great quality product,True
A000467F,B0001242,4.0,"01 17, 2024",1705464000,2024-01-17,"Exceptional build quality, exceeds expectations for the price point.",Great quality product,True
A002575P,B0001018,4.0,"01 17, 2024",1705464000,2024-01-17,"Exceptional build quality, exceeds expectations for the price point.",Great quality product,False
A000297K,B0001053,2.0,"01 17, 2024",1705464000,2024-01-17,Doesn't live up to the marketing claims. Disappointed with the quality.,Could be better,True
A001658T,B0001196,5.0,"01 17, 2024",1705464000,2024-01-17,"Exceptional build quality, exceeds expectations for the price point.",Great quality product,True
A002113L,B0001007,2.0,"01 17, 2024",1705464000,2024-01-17,Not satisfied with the durability. Stopped functioning as expected.,Could be better,True
A001538D,B0001079,3.0,"01 17, 2024",1705464000,2024-01-17,"Decent product for the cost, but has a few minor design quirks.",Average experience,False
A000156B,B0001023,5.0,"01 17, 2024",1705464000,2024-01-17,"Exceptional build quality, exceeds expectations for the price point.",Great quality product,True
A001209K,B0001032,1.0,"01 17, 2024",1705464000,2024-01-17,Not satisfied with the durability. Stopped functioning as expected.,Could be better,True
A001135R,B0001139,5.0,"01 17, 2024",1705464000,2024-01-17,Very pleased with this purchase. Super fast delivery and great packaging.,Great quality product,True
A002967X,B0001141,4.0,"01 17, 2024",1705464000,2024-01-17,"Exceptional build quality, exceeds expectations for the price point.",Great quality product,True
A002281A,B0001065,4.0,"01 17, 2024",1705464000,2024-01-17,Works straight out of the box. Highly recommended for daily use!,Great quality product,True
A001038R,B0001055,2.0,"01 17, 2024",1705464000,2024-01-17,Not satisfied with the durability. Stopped functioning as expected.,Could be better,False
A001143B,B0001158,3.0,"01 18, 2024",1705550400,2024-01-18,"Met my basic expectations. Not premium, but good value overall.",Average experience,True
A002674U,B0001048,3.0,"01 18, 2024",1705550400,2024-01-18,Works as advertised. Average battery life and fair ergonomics.,Average experience,True
A000777K,B0001048,4.0,"01 18, 2024",1705550400,2024-01-18,Very pleased with this purchase. Super fast delivery and great packaging.,Great quality product,True
A002209S,B0001249,5.0,"01 18, 2024",1705550400,2024-01-18,Works straight out of the box. Highly recommended for daily use!,Great quality product,False
A001307S,B0001002,2.0,"01 18, 2024",1705550400,2024-01-18,Customer support was slow and the product felt flimsy.,Could be better,True
A002636Y,B0001068,5.0,"01 18, 2024",1705550400,2024-01-18,"Five stars! Reliable, solid construction and crisp performance.",Great quality product,True
A001367K,B0001062,4.0,"01 18, 2024",1705550400,2024-01-18,Works straight out of the box. Highly recommended for daily use!,Great quality product,True
A000304D,B0001137,4.0,"01 18, 2024",1705550400,2024-01-18,Very pleased with this purchase. Super fast delivery and great packaging.,Great quality product,False
A001921M,B0001203,4.0,"01 18, 2024",1705550400,2024-01-18,Works straight out of the box. Highly recommended for daily use!,Great quality product,True
A000200J,B0001001,2.0,"01 18, 2024",1705550400,2024-01-18,Doesn't live up to the marketing claims. Disappointed with the quality.,Could be better,True
A000856D,B0001012,5.0,"01 18, 2024",1705550400,2024-01-18,Fantastic performance and great design. Would definitely purchase again.,Great quality product,False
A000315Q,B0001005,3.0,"01 18, 2024",1705550400,2024-01-18,"Met my basic expectations. Not premium, but good value overall.",Average experience,True
A001537Y,B0001036,4.0,"01 18, 2024",1705550400,2024-01-18,Fantastic performance and great design. Would definitely purchase again.,Great quality product,True
A001825A,B0001020,5.0,"01 18, 2024",1705550400,2024-01-18,"Exceptional build quality, exceeds expectations for the price point.",Great quality product,True
A002705L,B0001250,1.0,"01 18, 2024",1705550400,2024-01-18,Customer support was slow and the product felt flimsy.,Could be better,False
A001443W,B0001244,2.0,"01 18, 2024",1705550400,2024-01-18,Customer support was slow and the product felt flimsy.,Could be better,True
A000282L,B0001100,1.0,"01 18, 2024",1705550400,2024-01-18,Doesn't live up to the marketing claims. Disappointed with the quality.,Could be better,True
A001393M,B0001005,5.0,"01 18, 2024",1705550400,2024-01-18,Very pleased with this purchase. Super fast delivery and great packaging.,Great quality product,True
A002913Q,B0001091,1.0,"01 18, 2024",1705550400,2024-01-18,Doesn't live up to the marketing claims. Disappointed with the quality.,Could be better,True
A002754L,B0001032,4.0,"01 18, 2024",1705550400,2024-01-18,Works straight out of the box. Highly recommended for daily use!,Great quality product,True
A002399D,B0001007,1.0,"01 18, 2024",1705550400,2024-01-18,Not satisfied with the durability. Stopped functioning as expected.,Could be better,True
A001784A,B0001147,3.0,"01 18, 2024",1705550400,2024-01-18,"Decent product for the cost, but has a few minor design quirks.",Average experience,True
A001434R,B0001145,4.0,"01 18, 2024",1705550400,2024-01-18,Very pleased with this purchase. Super fast delivery and great packaging.,Great quality product,True
A001604A,B0001026,4.0,"01 18, 2024",1705550400,2024-01-18,"Five stars! Reliable, solid construction and crisp performance.",Great quality product,True
A000767H,B0001033,5.0,"01 18, 2024",1705550400,2024-01-18,Very pleased with this purchase. Super fast delivery and great packaging.,Great quality product,True
A000325M,B0001003,1.0,"01 18, 2024",1705550400,2024-01-18,Customer support was slow and the product felt flimsy.,Could be better,True
A002822L,B0001043,5.0,"01 18, 2024",1705550400,2024-01-18,Works straight out of the box. Highly recommended for daily use!,Great quality product,True
A002670F,B0001096,5.0,"01 18, 2024",1705550400,2024-01-18,Fantastic performance and great design. Would definitely purchase again.,Great quality product,True
A000268Q,B0001036,4.0,"01 18, 2024",1705550400,2024-01-18,"Five stars! Reliable, solid construction and crisp performance.",Great quality product,True
A002029E,B0001032,4.0,"01 19, 2024",1705636800,2024-01-19,Works straight out of the box. Highly recommended for daily use!,Great quality product,True
A002171Q,B0001136,1.0,"01 19, 2024",1705636800,2024-01-19,Doesn't live up to the marketing claims. Disappointed with the quality.,Could be better,True
A001164L,B0001022,3.0,"01 19, 2024",1705636800,2024-01-19,"Met my basic expectations. Not premium, but good value overall.",Average experience,True
A002713K,B0001094,2.0,"01 19, 2024",1705636800,2024-01-19,Doesn't live up to the marketing claims. Disappointed with the quality.,Could be better,True
A001634N,B0001009,3.0,"01 19, 2024",1705636800,2024-01-19,"Met my basic expectations. Not premium, but good value overall.",Average experience,True
A001634N,B0001006,3.0,"01 19, 2024",1705636800,2024-01-19,"Met my basic expectations. Not premium, but good value overall.",Average experience,True
A000399E,B0001076,4.0,"01 19, 2024",1705636800,2024-01-19,Fantastic performance and great design. Would definitely purchase again.,Great quality product,True
A002018U,B0001202,3.0,"01 19, 2024",1705636800,2024-01-19,"Met my basic expectations. Not premium, but good value overall.",Average experience,False
A000026X,B0001014,3.0,"01 19, 2024",1705636800,2024-01-19,Works as advertised. Average battery life and fair ergonomics.,Average experience,True
A002566H,B0001079,5.0,"01 19, 2024",1705636800,2024-01-19,Fantastic performance and great design. Would definitely purchase again.,Great quality product,True
A001952S,B0001032,3.0,"01 19, 2024",1705636800,2024-01-19,"Decent product for the cost, but has a few minor design quirks.",Average experience,False
A002916P,B0001002,4.0,"01 19, 2024",1705636800,2024-01-19,"Exceptional build quality, exceeds expectations for the price point.",Great quality product,True
A000628L,B0001063,1.0,"01 19, 2024",1705636800,2024-01-19,Doesn't live up to the marketing claims. Disappointed with the quality.,Could be better,True
A002621M,B0001110,5.0,"01 19, 2024",1705636800,2024-01-19,"Exceptional build quality, exceeds expectations for the price point.",Great quality product,True
A002723Q,B0001077,1.0,"01 19, 2024",1705636800,2024-01-19,Not satisfied with the durability. Stopped functioning as expected.,Could be better,True
A001413B,B0001020,4.0,"01 19, 2024",1705636800,2024-01-19,Very pleased with this purchase. Super fast delivery and great packaging.,Great quality product,True
A002996P,B0001149,3.0,"01 19, 2024",1705636800,2024-01-19,"Met my basic expectations. Not premium, but good value overall.",Average experience,True
A002492U,B0001038,3.0,"01 19, 2024",1705636800,2024-01-19,"Decent product for the cost, but has a few minor design quirks.",Average experience,True
A002434F,B0001004,5.0,"01 19, 2024",1705636800,2024-01-19,"Exceptional build quality, exceeds expectations for the price point.",Great quality product,True
A002066K,B0001069,1.0,"01 19, 2024",1705636800,2024-01-19,Customer support was slow and the product felt flimsy.,Could be better,True
A000945W,B0001241,5.0,"01 19, 2024",1705636800,2024-01-19,Fantastic performance and great design. Would definitely purchase again.,Great quality product,True
A000161D,B0001002,5.0,"01 19, 2024",1705636800,2024-01-19,Fantastic performance and great design. Would definitely purchase again.,Great quality product,True
A002158X,B0001240,5.0,"01 19, 2024",1705636800,2024-01-19,Works straight out of the box. Highly recommended for daily use!,Great quality product,True
A001725M,B0001003,5.0,"01 19, 2024",1705636800,2024-01-19,Works straight out of the box. Highly recommended for daily use!,Great quality product,True
A002917D,B0001023,5.0,"01 19, 2024",1705636800,2024-01-19,Works straight out of the box. Highly recommended for daily use!,Great quality product,True
A002173R,B0001042,4.0,"01 20, 2024",1705723200,2024-01-20,Fantastic performance and great design. Would definitely purchase again.,Great quality product,True
A000767H,B0001024,4.0,"01 20, 2024",1705723200,2024-01-20,Very pleased with this purchase. Super fast delivery and great packaging.,Great quality product,True
A000965W,B0001046,5.0,"01 20, 2024",1705723200,2024-01-20,Very pleased with this purchase. Super fast delivery and great packaging.,Great quality product,True
A000309G,B0001197,5.0,"01 20, 2024",1705723200,2024-01-20,Very pleased with this purchase. Super fast delivery and great packaging.,Great quality product,True
A000992R,B0001121,2.0,"01 20, 2024",1705723200,2024-01-20,Customer support was slow and the product felt flimsy.,Could be better,True
A000649N,B0001173,3.0,"01 20, 2024",1705723200,2024-01-20,Works as advertised. Average battery life and fair ergonomics.,Average experience,True
A002558Y,B0001010,4.0,"01 20, 2024",1705723200,2024-01-20,Works straight out of the box. Highly recommended for daily use!,Great quality product,True
A002135L,B0001050,4.0,"01 20, 2024",1705723200,2024-01-20,Very pleased with this purchase. Super fast delivery and great packaging.,Great quality product,True
A002272H,B0001047,3.0,"01 20, 2024",1705723200,2024-01-20,"Met my basic expectations. Not premium, but good value overall.",Average experience,True
A001079S,B0001066,5.0,"01 20, 2024",1705723200,2024-01-20,Works straight out of the box. Highly recommended for daily use!,Great quality product,True
A000731F,B0001062,5.0,"01 20, 2024",1705723200,2024-01-20,Very pleased with this purchase. Super fast delivery and great packaging.,Great quality product,True
A000971V,B0001002,4.0,"01 20, 2024",1705723200,2024-01-20,"Exceptional build quality, exceeds expectations for the price point.",Great quality product,True
A002944X,B0001008,4.0,"01 20, 2024",1705723200,2024-01-20,"Exceptional build quality, exceeds expectations for the price point.",Great quality product,True
A001242M,B0001018,5.0,"01 20, 2024",1705723200,2024-01-20,Works straight out of the box. Highly recommended for daily use!,Great quality product,True
A001888X,B0001001,4.0,"01 20, 2024",1705723200,2024-01-20,"Five stars! Reliable, solid construction and crisp performance.",Great quality product,False
A001579L,B0001068,4.0,"01 20, 2024",1705723200,2024-01-20,"Five stars! Reliable, solid construction and crisp performance.",Great quality product,True
A002369N,B0001088,5.0,"01 20, 2024",1705723200,2024-01-20,Fantastic performance and great design. Would definitely purchase again.,Great quality product,True
A000781Y,B0001092,4.0,"01 21, 2024",1705809600,2024-01-21,Very pleased with this purchase. Super fast delivery and great packaging.,Great quality product,True
A001242M,B0001006,2.0,"01 21, 2024",1705809600,2024-01-21,Customer support was slow and the product felt flimsy.,Could be better,True
A001063C,B0001026,1.0,"01 21, 2024",1705809600,2024-01-21,Not satisfied with the durability. Stopped functioning as expected.,Could be better,True
A000774E,B0001009,3.0,"01 21, 2024",1705809600,2024-01-21,"Decent product for the cost, but has a few minor design quirks.",Average experience,True
A002282Z,B0001027,5.0,"01 21, 2024",1705809600,2024-01-21,"Five stars! Reliable, solid construction and crisp performance.",Great quality product,True
A001125P,B0001062,4.0,"01 21, 2024",1705809600,2024-01-21,Very pleased with this purchase. Super fast delivery and great packaging.,Great quality product,False
A000511C,B0001016,2.0,"01 21, 2024",1705809600,2024-01-21,Doesn't live up to the marketing claims. Disappointed with the quality.,Could be better,True
A002520B,B0001155,4.0,"01 21, 2024",1705809600,2024-01-21,"Five stars! Reliable, solid construction and crisp performance.",Great quality product,True
A000136D,B0001005,4.0,"01 21, 2024",1705809600,2024-01-21,"Five stars! Reliable, solid construction and crisp performance.",Great quality product,True
A002109V,B0001017,5.0,"01 21, 2024",1705809600,2024-01-21,Fantastic performance and great design. Would definitely purchase again.,Great quality product,True
A002718B,B0001030,5.0,"01 21, 2024",1705809600,2024-01-21,Works straight out of the box. Highly recommended for daily use!,Great quality product,True
A001818L,B0001030,4.0,"01 21, 2024",1705809600,2024-01-21,Fantastic performance and great design. Would definitely purchase again.,Great quality product,False
A002281A,B0001034,1.0,"01 21, 2024",1705809600,2024-01-21,Customer support was slow and the product felt flimsy.,Could be better,True
A002310L,B0001204,5.0,"01 21, 2024",1705809600,2024-01-21,Works straight out of the box. Highly recommended for daily use!,Great quality product,True
A000031M,B0001131,4.0,"01 21, 2024",1705809600,2024-01-21,Very pleased with this purchase. Super fast delivery and great packaging.,Great quality product,True
A002493A,B0001042,2.0,"01 21, 2024",1705809600,2024-01-21,Customer support was slow and the product felt flimsy.,Could be better,True
A001673A,B0001013,1.0,"01 21, 2024",1705809600,2024-01-21,Customer support was slow and the product felt flimsy.,Could be better,True
A002153Q,B0001021,4.0,"01 21, 2024",1705809600,2024-01-21,Fantastic performance and great design. Would definitely purchase again.,Great quality product,True
A001658T,B0001207,5.0,"01 21, 2024",1705809600,2024-01-21,"Five stars! Reliable, solid construction and crisp performance.",Great quality product,True
A002353F,B0001036,3.0,"01 21, 2024",1705809600,2024-01-21,Works as advertised. Average battery life and fair ergonomics.,Average experience,False
A001321Q,B0001058,3.0,"01 21, 2024",1705809600,2024-01-21,Works as advertised. Average battery life and fair ergonomics.,Average experience,True
A001505E,B0001145,4.0,"01 21, 2024",1705809600,2024-01-21,Very pleased with this purchase. Super fast delivery and great packaging.,Great quality product,True
A000385A,B0001003,4.0,"01 22, 2024",1705896000,2024-01-22,"Five stars! Reliable, solid construction and crisp performance.",Great quality product,True
A000481P,B0001002,4.0,"01 22, 2024",1705896000,2024-01-22,"Five stars! Reliable, solid construction and crisp performance.",Great quality product,True
A000753C,B0001244,3.0,"01 22, 2024",1705896000,2024-01-22,Works as advertised. Average battery life and fair ergonomics.,Average experience,True
A000544Q,B0001091,3.0,"01 22, 2024",1705896000,2024-01-22,"Met my basic expectations. Not premium, but good value overall.",Average experience,True
A002488M,B0001223,4.0,"01 22, 2024",1705896000,2024-01-22,"Five stars! Reliable, solid construction and crisp performance.",Great quality product,False
A001196Q,B0001027,5.0,"01 22, 2024",1705896000,2024-01-22,Very pleased with this purchase. Super fast delivery and great packaging.,Great quality product,True
A002148A,B0001063,4.0,"01 22, 2024",1705896000,2024-01-22,Very pleased with this purchase. Super fast delivery and great packaging.,Great quality product,True
A001765G,B0001083,4.0,"01 22, 2024",1705896000,2024-01-22,"Five stars! Reliable, solid construction and crisp performance.",Great quality product,True
A000484C,B0001084,5.0,"01 22, 2024",1705896000,2024-01-22,Works straight out of the box. Highly recommended for daily use!,Great quality product,True
A001906P,B0001178,3.0,"01 22, 2024",1705896000,2024-01-22,"Met my basic expectations. Not premium, but good value overall.",Average experience,True
A001661H,B0001017,2.0,"01 22, 2024",1705896000,2024-01-22,Customer support was slow and the product felt flimsy.,Could be better,True
A001811Q,B0001018,1.0,"01 22, 2024",1705896000,2024-01-22,Customer support was slow and the product felt flimsy.,Could be better,True
A000715H,B0001017,4.0,"01 22, 2024",1705896000,2024-01-22,"Five stars! Reliable, solid construction and crisp performance.",Great quality product,True
A000671A,B0001107,4.0,"01 22, 2024",1705896000,2024-01-22,"Exceptional build quality, exceeds expectations for the price point.",Great quality product,True
A001430F,B0001018,3.0,"01 22, 2024",1705896000,2024-01-22,"Met my basic expectations. Not premium, but good value overall.",Average experience,True
A002852A,B0001139,4.0,"01 22, 2024",1705896000,2024-01-22,"Exceptional build quality, exceeds expectations for the price point.",Great quality product,True
A000283V,B0001019,4.0,"01 22, 2024",1705896000,2024-01-22,Works straight out of the box. Highly recommended for daily use!,Great quality product,True
A002261F,B0001002,4.0,"01 22, 2024",1705896000,2024-01-22,"Exceptional build quality, exceeds expectations for the price point.",Great quality product,True
A002860D,B0001245,4.0,"01 22, 2024",1705896000,2024-01-22,Fantastic performance and great design. Would definitely purchase again.,Great quality product,True
A001515L,B0001022,5.0,"01 22, 2024",1705896000,2024-01-22,Works straight out of the box. Highly recommended for daily use!,Great quality product,True
A000282L,B0001201,4.0,"01 22, 2024",1705896000,2024-01-22,Works straight out of the box. Highly recommended for daily use!,Great quality product,True
A000827F,B0001116,4.0,"01 22, 2024",1705896000,2024-01-22,"Five stars! Reliable, solid construction and crisp performance.",Great quality product,True
A000720G,B0001002,4.0,"01 22, 2024",1705896000,2024-01-22,Works straight out of the box. Highly recommended for daily use!,Great quality product,True
A000630T,B0001117,5.0,"01 22, 2024",1705896000,2024-01-22,Works straight out of the box. Highly recommended for daily use!,Great quality product,False
A000184B,B0001250,3.0,"01 22, 2024",1705896000,2024-01-22,Works as advertised. Average battery life and fair ergonomics.,Average experience,True
A001459B,B0001219,4.0,"01 22, 2024",1705896000,2024-01-22,"Five stars! Reliable, solid construction and crisp performance.",Great quality product,False
A001400G,B0001005,1.0,"01 22, 2024",1705896000,2024-01-22,Customer support was slow and the product felt flimsy.,Could be better,True
A000270A,B0001003,4.0,"01 22, 2024",1705896000,2024-01-22,Fantastic performance and great design. Would definitely purchase again.,Great quality product,False
A001907F,B0001005,5.0,"01 22, 2024",1705896000,2024-01-22,"Exceptional build quality, exceeds expectations for the price point.",Great quality product,True
A002331D,B0001217,4.0,"01 23, 2024",1705982400,2024-01-23,Fantastic performance and great design. Would definitely purchase again.,Great quality product,True
A001496N,B0001131,4.0,"01 23, 2024",1705982400,2024-01-23,Very pleased with this purchase. Super fast delivery and great packaging.,Great quality product,True
A000757A,B0001181,3.0,"01 23, 2024",1705982400,2024-01-23,"Decent product for the cost, but has a few minor design quirks.",Average experience,True
A000201G,B0001007,5.0,"01 23, 2024",1705982400,2024-01-23,Very pleased with this purchase. Super fast delivery and great packaging.,Great quality product,True
A001071W,B0001084,5.0,"01 23, 2024",1705982400,2024-01-23,Fantastic performance and great design. Would definitely purchase again.,Great quality product,True
A002071T,B0001005,2.0,"01 23, 2024",1705982400,2024-01-23,Customer support was slow and the product felt flimsy.,Could be better,True
A002949N,B0001013,4.0,"01 23, 2024",1705982400,2024-01-23,Works straight out of the box. Highly recommended for daily use!,Great quality product,True
A001650A,B0001016,4.0,"01 23, 2024",1705982400,2024-01-23,"Five stars! Reliable, solid construction and crisp performance.",Great quality product,False
A000046U,B0001079,1.0,"01 23, 2024",1705982400,2024-01-23,Doesn't live up to the marketing claims. Disappointed with the quality.,Could be better,True
A001357J,B0001156,3.0,"01 23, 2024",1705982400,2024-01-23,"Decent product for the cost, but has a few minor design quirks.",Average experience,True
A000326E,B0001224,4.0,"01 23, 2024",1705982400,2024-01-23,Fantastic performance and great design. Would definitely purchase again.,Great quality product,True
A001954H,B0001038,3.0,"01 23, 2024",1705982400,2024-01-23,Works as advertised. Average battery life and fair ergonomics.,Average experience,True
A001354X,B0001077,4.0,"01 23, 2024",1705982400,2024-01-23,"Five stars! Reliable, solid construction and crisp performance.",Great quality product,True
A000183J,B0001161,4.0,"01 23, 2024",1705982400,2024-01-23,Works straight out of the box. Highly recommended for daily use!,Great quality product,True
A002526D,B0001120,3.0,"01 23, 2024",1705982400,2024-01-23,"Met my basic expectations. Not premium, but good value overall.",Average experience,True
A000838T,B0001014,5.0,"01 23, 2024",1705982400,2024-01-23,"Exceptional build quality, exceeds expectations for the price point.",Great quality product,False
A000385A,B0001002,5.0,"01 23, 2024",1705982400,2024-01-23,"Five stars! Reliable, solid construction and crisp performance.",Great quality product,False
A002173R,B0001056,1.0,"01 23, 2024",1705982400,2024-01-23,Doesn't live up to the marketing claims. Disappointed with the quality.,Could be better,True
A001772B,B0001037,4.0,"01 23, 2024",1705982400,2024-01-23,"Five stars! Reliable, solid construction and crisp performance.",Great quality product,True
A000989A,B0001238,5.0,"01 23, 2024",1705982400,2024-01-23,Works straight out of the box. Highly recommended for daily use!,Great quality product,True
A000420E,B0001011,3.0,"01 23, 2024",1705982400,2024-01-23,Works as advertised. Average battery life and fair ergonomics.,Average experience,True
A002027C,B0001002,3.0,"01 23, 2024",1705982400,2024-01-23,"Met my basic expectations. Not premium, but good value overall.",Average experience,True
A002068N,B0001127,3.0,"01 23, 2024",1705982400,2024-01-23,Works as advertised. Average battery life and fair ergonomics.,Average experience,True
A002056A,B0001095,1.0,"01 23, 2024",1705982400,2024-01-23,Not satisfied with the durability. Stopped functioning as expected.,Could be better,True
A002387B,B0001010,3.0,"01 23, 2024",1705982400,2024-01-23,"Met my basic expectations. Not premium, but good value overall.",Average experience,True
A002276F,B0001064,4.0,"01 23, 2024",1705982400,2024-01-23,"Exceptional build quality, exceeds expectations for the price point.",Great quality product,True
A000009N,B0001036,3.0,"01 23, 2024",1705982400,2024-01-23,"Met my basic expectations. Not premium, but good value overall.",Average experience,True
A000550W,B0001015,2.0,"01 23, 2024",1705982400,2024-01-23,Customer support was slow and the product felt flimsy.,Could be better,True
A000354V,B0001076,5.0,"01 24, 2024",1706068800,2024-01-24,Works straight out of the box. Highly recommended for daily use!,Great quality product,True
A002839G,B0001004,4.0,"01 24, 2024",1706068800,2024-01-24,"Five stars! Reliable, solid construction and crisp performance.",Great quality product,True
A002411P,B0001001,2.0,"01 24, 2024",1706068800,2024-01-24,Doesn't live up to the marketing claims. Disappointed with the quality.,Could be better,False
A000923L,B0001005,3.0,"01 24, 2024",1706068800,2024-01-24,Works as advertised. Average battery life and fair ergonomics.,Average experience,True
A002265F,B0001194,5.0,"01 24, 2024",1706068800,2024-01-24,"Exceptional build quality, exceeds expectations for the price point.",Great quality product,True
A002917D,B0001016,4.0,"01 24, 2024",1706068800,2024-01-24,Fantastic performance and great design. Would definitely purchase again.,Great quality product,True
A002576Y,B0001002,3.0,"01 24, 2024",1706068800,2024-01-24,"Met my basic expectations. Not premium, but good value overall.",Average experience,True
A000114X,B0001066,4.0,"01 24, 2024",1706068800,2024-01-24,Fantastic performance and great design. Would definitely purchase again.,Great quality product,True
A000671A,B0001021,4.0,"01 24, 2024",1706068800,2024-01-24,"Five stars! Reliable, solid construction and crisp performance.",Great quality product,True
A002450K,B0001101,5.0,"01 24, 2024",1706068800,2024-01-24,"Exceptional build quality, exceeds expectations for the price point.",Great quality product,True
A000690X,B0001005,4.0,"01 24, 2024",1706068800,2024-01-24,Very pleased with this purchase. Super fast delivery and great packaging.,Great quality product,True
A001329S,B0001249,4.0,"01 24, 2024",1706068800,2024-01-24,Fantastic performance and great design. Would definitely purchase again.,Great quality product,True
A002527F,B0001240,5.0,"01 24, 2024",1706068800,2024-01-24,Very pleased with this purchase. Super fast delivery and great packaging.,Great quality product,True
A001900T,B0001002,3.0,"01 24, 2024",1706068800,2024-01-24,"Decent product for the cost, but has a few minor design quirks.",Average experience,True
A001492G,B0001175,5.0,"01 24, 2024",1706068800,2024-01-24,Very pleased with this purchase. Super fast delivery and great packaging.,Great quality product,True
A000506H,B0001015,3.0,"01 24, 2024",1706068800,2024-01-24,"Met my basic expectations. Not premium, but good value overall.",Average experience,True
A002143U,B0001053,5.0,"01 24, 2024",1706068800,2024-01-24,"Exceptional build quality, exceeds expectations for the price point.",Great quality product,True
A002143U,B0001011,2.0,"01 24, 2024",1706068800,2024-01-24,Not satisfied with the durability. Stopped functioning as expected.,Could be better,True
A000058X,B0001026,5.0,"01 24, 2024",1706068800,2024-01-24,Works straight out of the box. Highly recommended for daily use!,Great quality product,True
A000176E,B0001003,4.0,"01 24, 2024",1706068800,2024-01-24,"Five stars! Reliable, solid construction and crisp performance.",Great quality product,True
A002716Z,B0001034,3.0,"01 24, 2024",1706068800,2024-01-24,Works as advertised. Average battery life and fair ergonomics.,Average experience,True
A002567S,B0001058,4.0,"01 24, 2024",1706068800,2024-01-24,Very pleased with this purchase. Super fast delivery and great packaging.,Great quality product,True
A000667X,B0001106,4.0,"01 24, 2024",1706068800,2024-01-24,Works straight out of the box. Highly recommended for daily use!,Great quality product,True
A002397T,B0001116,5.0,"01 24, 2024",1706068800,2024-01-24,"Exceptional build quality, exceeds expectations for the price point.",Great quality product,False
A000548X,B0001182,4.0,"01 24, 2024",1706068800,2024-01-24,Very pleased with this purchase. Super fast delivery and great packaging.,Great quality product,True
A000991F,B0001003,5.0,"01 24, 2024",1706068800,2024-01-24,Fantastic performance and great design. Would definitely purchase again.,Great quality product,True
A001098K,B0001207,3.0,"01 24, 2024",1706068800,2024-01-24,Works as advertised. Average battery life and fair ergonomics.,Average experience,True
A000856D,B0001018,5.0,"01 24, 2024",1706068800,2024-01-24,Works straight out of the box. Highly recommended for daily use!,Great quality product,False
A000689B,B0001209,4.0,"01 24, 2024",1706068800,2024-01-24,"Exceptional build quality, exceeds expectations for the price point.",Great quality product,True
A001327G,B0001072,2.0,"01 25, 2024",1706155200,2024-01-25,Customer support was slow and the product felt flimsy.,Could be better,True
A002540W,B0001105,4.0,"01 25, 2024",1706155200,2024-01-25,Fantastic performance and great design. Would definitely purchase again.,Great quality product,False
A001257L,B0001147,4.0,"01 25, 2024",1706155200,2024-01-25,"Exceptional build quality, exceeds expectations for the price point.",Great quality product,True
A002567S,B0001174,5.0,"01 25, 2024",1706155200,2024-01-25,Very pleased with this purchase. Super fast delivery and great packaging.,Great quality product,True
A000083K,B0001134,4.0,"01 25, 2024",1706155200,2024-01-25,Very pleased with this purchase. Super fast delivery and great packaging.,Great quality product,True
A000628L,B0001023,4.0,"01 25, 2024",1706155200,2024-01-25,"Exceptional build quality, exceeds expectations for the price point.",Great quality product,True
A002913Q,B0001060,4.0,"01 25, 2024",1706155200,2024-01-25,Fantastic performance and great design. Would definitely purchase again.,Great quality product,True
A002957D,B0001151,5.0,"01 25, 2024",1706155200,2024-01-25,Works straight out of the box. Highly recommended for daily use!,Great quality product,False
A001327G,B0001014,4.0,"01 25, 2024",1706155200,2024-01-25,Works straight out of the box. Highly recommended for daily use!,Great quality product,True
A002498W,B0001091,4.0,"01 25, 2024",1706155200,2024-01-25,Works straight out of the box. Highly recommended for daily use!,Great quality product,True
A001109X,B0001005,5.0,"01 25, 2024",1706155200,2024-01-25,Fantastic performance and great design. Would definitely purchase again.,Great quality product,True
A001329S,B0001050,2.0,"01 25, 2024",1706155200,2024-01-25,Doesn't live up to the marketing claims. Disappointed with the quality.,Could be better,True
A001299U,B0001020,3.0,"01 25, 2024",1706155200,2024-01-25,Works as advertised. Average battery life and fair ergonomics.,Average experience,True
A000021J,B0001031,4.0,"01 25, 2024",1706155200,2024-01-25,"Exceptional build quality, exceeds expectations for the price point.",Great quality product,True
A000393F,B0001009,5.0,"01 25, 2024",1706155200,2024-01-25,Works straight out of the box. Highly recommended for daily use!,Great quality product,True
A002772M,B0001080,5.0,"01 25, 2024",1706155200,2024-01-25,"Five stars! Reliable, solid construction and crisp performance.",Great quality product,True
A000544Q,B0001044,4.0,"01 25, 2024",1706155200,2024-01-25,Fantastic performance and great design. Would definitely purchase again.,Great quality product,True
A002112Q,B0001019,4.0,"01 25, 2024",1706155200,2024-01-25,Very pleased with this purchase. Super fast delivery and great packaging.,Great quality product,True
A002848T,B0001085,5.0,"01 25, 2024",1706155200,2024-01-25,"Five stars! Reliable, solid construction and crisp performance.",Great quality product,False
A002999G,B0001121,5.0,"01 25, 2024",1706155200,2024-01-25,Works straight out of the box. Highly recommended for daily use!,Great quality product,True
A002800L,B0001012,4.0,"01 25, 2024",1706155200,2024-01-25,Works straight out of the box. Highly recommended for daily use!,Great quality product,False
A002651R,B0001140,5.0,"01 25, 2024",1706155200,2024-01-25,"Exceptional build quality, exceeds expectations for the price point.",Great quality product,True
A001590Q,B0001144,5.0,"01 25, 2024",1706155200,2024-01-25,Very pleased with this purchase. Super fast delivery and great packaging.,Great quality product,True
A001054R,B0001001,4.0,"01 25, 2024",1706155200,2024-01-25,Works straight out of the box. Highly recommended for daily use!,Great quality product,True
A001794Y,B0001009,3.0,"01 25, 2024",1706155200,2024-01-25,"Decent product for the cost, but has a few minor design quirks.",Average experience,False
A001395W,B0001067,4.0,"01 25, 2024",1706155200,2024-01-25,Fantastic performance and great design. Would definitely purchase again.,Great quality product,False
A002814H,B0001001,4.0,"01 25, 2024",1706155200,2024-01-25,Fantastic performance and great design. Would definitely purchase again.,Great quality product,True
A001367K,B0001024,4.0,"01 25, 2024",1706155200,2024-01-25,Works straight out of the box. Highly recommended for daily use!,Great quality product,True
A001227T,B0001104,5.0,"01 25, 2024",1706155200,2024-01-25,"Exceptional build quality, exceeds expectations for the price point.",Great quality product,True
A002088J,B0001005,5.0,"01 25, 2024",1706155200,2024-01-25,"Five stars! Reliable, solid construction and crisp performance.",Great quality product,True
A002406B,B0001004,4.0,"01 25, 2024",1706155200,2024-01-25,Works straight out of the box. Highly recommended for daily use!,Great quality product,True
A000838T,B0001005,5.0,"01 25, 2024",1706155200,2024-01-25,Very pleased with this purchase. Super fast delivery and great packaging.,Great quality product,True
A002322X,B0001126,4.0,"01 25, 2024",1706155200,2024-01-25,Fantastic performance and great design. Would definitely purchase again.,Great quality product,True
A002005L,B0001247,4.0,"01 25, 2024",1706155200,2024-01-25,"Five stars! Reliable, solid construction and crisp performance.",Great quality product,True
A001220B,B0001049,3.0,"01 25, 2024",1706155200,2024-01-25,"Decent product for the cost, but has a few minor design quirks.",Average experience,True
A001996D,B0001006,5.0,"01 25, 2024",1706155200,2024-01-25,Works straight out of the box. Highly recommended for daily use!,Great quality product,True
A002390T,B0001022,2.0,"01 25, 2024",1706155200,2024-01-25,Doesn't live up to the marketing claims. Disappointed with the quality.,Could be better,True
A002531P,B0001015,4.0,"01 26, 2024",1706241600,2024-01-26,"Five stars! Reliable, solid construction and crisp performance.",Great quality product,True
A000559R,B0001002,4.0,"01 26, 2024",1706241600,2024-01-26,"Exceptional build quality, exceeds expectations for the price point.",Great quality product,True
A000949W,B0001028,4.0,"01 26, 2024",1706241600,2024-01-26,"Five stars! Reliable, solid construction and crisp performance.",Great quality product,True
A000610Q,B0001088,4.0,"01 26, 2024",1706241600,2024-01-26,Very pleased with this purchase. Super fast delivery and great packaging.,Great quality product,True
A002911D,B0001001,1.0,"01 26, 2024",1706241600,2024-01-26,Not satisfied with the durability. Stopped functioning as expected.,Could be better,True
A001510J,B0001005,5.0,"01 26, 2024",1706241600,2024-01-26,Works straight out of the box. Highly recommended for daily use!,Great quality product,True
A000279Q,B0001013,5.0,"01 26, 2024",1706241600,2024-01-26,Very pleased with this purchase. Super fast delivery and great packaging.,Great quality product,True
A001541M,B0001222,4.0,"01 26, 2024",1706241600,2024-01-26,Works straight out of the box. Highly recommended for daily use!,Great quality product,True
A000678G,B0001055,5.0,"01 26, 2024",1706241600,2024-01-26,"Exceptional build quality, exceeds expectations for the price point.",Great quality product,True
A001517U,B0001004,4.0,"01 26, 2024",1706241600,2024-01-26,Very pleased with this purchase. Super fast delivery and great packaging.,Great quality product,True
A001157M,B0001077,2.0,"01 26, 2024",1706241600,2024-01-26,Not satisfied with the durability. Stopped functioning as expected.,Could be better,False
A000147C,B0001044,2.0,"01 26, 2024",1706241600,2024-01-26,Customer support was slow and the product felt flimsy.,Could be better,True
A001485F,B0001025,5.0,"01 26, 2024",1706241600,2024-01-26,Fantastic performance and great design. Would definitely purchase again.,Great quality product,True
A001179F,B0001048,5.0,"01 26, 2024",1706241600,2024-01-26,"Exceptional build quality, exceeds expectations for the price point.",Great quality product,True
A002262Z,B0001112,4.0,"01 26, 2024",1706241600,2024-01-26,Very pleased with this purchase. Super fast delivery and great packaging.,Great quality product,True
A002440U,B0001080,5.0,"01 26, 2024",1706241600,2024-01-26,Works straight out of the box. Highly recommended for daily use!,Great quality product,True
A002110N,B0001007,1.0,"01 26, 2024",1706241600,2024-01-26,Customer support was slow and the product felt flimsy.,Could be better,True
A001824E,B0001011,1.0,"01 26, 2024",1706241600,2024-01-26,Not satisfied with the durability. Stopped functioning as expected.,Could be better,True
A001063C,B0001099,2.0,"01 26, 2024",1706241600,2024-01-26,Doesn't live up to the marketing claims. Disappointed with the quality.,Could be better,True
A001899J,B0001032,5.0,"01 26, 2024",1706241600,2024-01-26,Works straight out of the box. Highly recommended for daily use!,Great quality product,True
A001797H,B0001002,3.0,"01 26, 2024",1706241600,2024-01-26,"Met my basic expectations. Not premium, but good value overall.",Average experience,True
A000085B,B0001048,5.0,"01 26, 2024",1706241600,2024-01-26,Very pleased with this purchase. Super fast delivery and great packaging.,Great quality product,True
A002700C,B0001160,4.0,"01 26, 2024",1706241600,2024-01-26,"Five stars! Reliable, solid construction and crisp performance.",Great quality product,True
A000597B,B0001016,5.0,"01 26, 2024",1706241600,2024-01-26,Fantastic performance and great design. Would definitely purchase again.,Great quality product,True
A002144T,B0001197,5.0,"01 26, 2024",1706241600,2024-01-26,Works straight out of the box. Highly recommended for daily use!,Great quality product,True
A002870C,B0001041,4.0,"01 26, 2024",1706241600,2024-01-26,"Five stars! Reliable, solid construction and crisp performance.",Great quality product,False
A002334D,B0001163,4.0,"01 26, 2024",1706241600,2024-01-26,"Five stars! Reliable, solid construction and crisp performance.",Great quality product,True
A000118T,B0001099,4.0,"01 26, 2024",1706241600,2024-01-26,Very pleased with this purchase. Super fast delivery and great packaging.,Great quality product,True
A001725M,B0001001,5.0,"01 26, 2024",1706241600,2024-01-26,Works straight out of the box. Highly recommended for daily use!,Great quality product,True
A000443X,B0001034,5.0,"01 26, 2024",1706241600,2024-01-26,"Five stars! Reliable, solid construction and crisp performance.",Great quality product,True
A000002U,B0001001,3.0,"01 27, 2024",1706328000,2024-01-27,"Met my basic expectations. Not premium, but good value overall.",Average experience,True
A002027C,B0001233,2.0,"01 27, 2024",1706328000,2024-01-27,Not satisfied with the durability. Stopped functioning as expected.,Could be better,False
A002640G,B0001094,4.0,"01 27, 2024",1706328000,2024-01-27,"Exceptional build quality, exceeds expectations for the price point.",Great quality product,True
A001318D,B0001138,1.0,"01 27, 2024",1706328000,2024-01-27,Not satisfied with the durability. Stopped functioning as expected.,Could be better,True
A000308Z,B0001019,4.0,"01 27, 2024",1706328000,2024-01-27,Fantastic performance and great design. Would definitely purchase again.,Great quality product,True
A001440W,B0001005,1.0,"01 27, 2024",1706328000,2024-01-27,Not satisfied with the durability. Stopped functioning as expected.,Could be better,True
A000347P,B0001011,1.0,"01 27, 2024",1706328000,2024-01-27,Customer support was slow and the product felt flimsy.,Could be better,True
A002390T,B0001163,2.0,"01 27, 2024",1706328000,2024-01-27,Not satisfied with the durability. Stopped functioning as expected.,Could be better,True
A002411P,B0001024,1.0,"01 27, 2024",1706328000,2024-01-27,Customer support was slow and the product felt flimsy.,Could be better,True
A002327C,B0001021,4.0,"01 27, 2024",1706328000,2024-01-27,Works straight out of the box. Highly recommended for daily use!,Great quality product,True
A002126N,B0001003,5.0,"01 27, 2024",1706328000,2024-01-27,Works straight out of the box. Highly recommended for daily use!,Great quality product,True
A001667Z,B0001053,5.0,"01 27, 2024",1706328000,2024-01-27,Works straight out of the box. Highly recommended for daily use!,Great quality product,True
A002397T,B0001095,5.0,"01 27, 2024",1706328000,2024-01-27,"Five stars! Reliable, solid construction and crisp performance.",Great quality product,True
A001871E,B0001002,1.0,"01 27, 2024",1706328000,2024-01-27,Doesn't live up to the marketing claims. Disappointed with the quality.,Could be better,True
A001830Z,B0001074,4.0,"01 27, 2024",1706328000,2024-01-27,Works straight out of the box. Highly recommended for daily use!,Great quality product,True
A000200J,B0001067,4.0,"01 27, 2024",1706328000,2024-01-27,"Five stars! Reliable, solid construction and crisp performance.",Great quality product,False
A000365D,B0001060,5.0,"01 27, 2024",1706328000,2024-01-27,"Five stars! Reliable, solid construction and crisp performance.",Great quality product,True
A001567M,B0001002,5.0,"01 27, 2024",1706328000,2024-01-27,Very pleased with this purchase. Super fast delivery and great packaging.,Great quality product,True
A000152W,B0001006,4.0,"01 27, 2024",1706328000,2024-01-27,Fantastic performance and great design. Would definitely purchase again.,Great quality product,True
A001338G,B0001024,4.0,"01 27, 2024",1706328000,2024-01-27,"Five stars! Reliable, solid construction and crisp performance.",Great quality product,True
A001626W,B0001163,3.0,"01 27, 2024",1706328000,2024-01-27,"Decent product for the cost, but has a few minor design quirks.",Average experience,True
A000205X,B0001017,5.0,"01 27, 2024",1706328000,2024-01-27,Works straight out of the box. Highly recommended for daily use!,Great quality product,True
A000745K,B0001031,1.0,"01 27, 2024",1706328000,2024-01-27,Customer support was slow and the product felt flimsy.,Could be better,True
A000294N,B0001031,5.0,"01 27, 2024",1706328000,2024-01-27,Works straight out of the box. Highly recommended for daily use!,Great quality product,True
A002544M,B0001030,4.0,"01 27, 2024",1706328000,2024-01-27,"Five stars! Reliable, solid construction and crisp performance.",Great quality product,True
A001752E,B0001005,4.0,"01 27, 2024",1706328000,2024-01-27,Works straight out of the box. Highly recommended for daily use!,Great quality product,True
A000522D,B0001082,4.0,"01 27, 2024",1706328000,2024-01-27,Works straight out of the box. Highly recommended for daily use!,Great quality product,True
A002628C,B0001116,3.0,"01 27, 2024",1706328000,2024-01-27,"Met my basic expectations. Not premium, but good value overall.",Average experience,True
A002848T,B0001001,4.0,"01 27, 2024",1706328000,2024-01-27,Very pleased with this purchase. Super fast delivery and great packaging.,Great quality product,True
A000215U,B0001241,3.0,"01 27, 2024",1706328000,2024-01-27,"Decent product for the cost, but has a few minor design quirks.",Average experience,True
A000761S,B0001101,5.0,"01 28, 2024",1706414400,2024-01-28,"Exceptional build quality, exceeds expectations for the price point.",Great quality product,True
A002515E,B0001152,4.0,"01 28, 2024",1706414400,2024-01-28,Fantastic performance and great design. Would definitely purchase again.,Great quality product,True
A002493A,B0001068,1.0,"01 28, 2024",1706414400,2024-01-28,Not satisfied with the durability. Stopped functioning as expected.,Could be better,True
A001134K,B0001003,5.0,"01 28, 2024",1706414400,2024-01-28,Works straight out of the box. Highly recommended for daily use!,Great quality product,True
A000186M,B0001023,3.0,"01 28, 2024",1706414400,2024-01-28,Works as advertised. Average battery life and fair ergonomics.,Average experience,True
A001582D,B0001068,3.0,"01 28, 2024",1706414400,2024-01-28,Works as advertised. Average battery life and fair ergonomics.,Average experience,True
A002001V,B0001094,3.0,"01 28, 2024",1706414400,2024-01-28,"Decent product for the cost, but has a few minor design quirks.",Average experience,True
A002437G,B0001079,4.0,"01 28, 2024",1706414400,2024-01-28,"Exceptional build quality, exceeds expectations for the price point.",Great quality product,True
A001903S,B0001032,4.0,"01 28, 2024",1706414400,2024-01-28,Fantastic performance and great design. Would definitely purchase again.,Great quality product,True
A001579L,B0001163,4.0,"01 28, 2024",1706414400,2024-01-28,Fantastic performance and great design. Would definitely purchase again.,Great quality product,True
A001213P,B0001184,3.0,"01 28, 2024",1706414400,2024-01-28,Works as advertised. Average battery life and fair ergonomics.,Average experience,True
A001844L,B0001044,2.0,"01 28, 2024",1706414400,2024-01-28,Not satisfied with the durability. Stopped functioning as expected.,Could be better,True
A001823Z,B0001200,3.0,"01 28, 2024",1706414400,2024-01-28,"Met my basic expectations. Not premium, but good value overall.",Average experience,True
A000989A,B0001001,5.0,"01 28, 2024",1706414400,2024-01-28,Works straight out of the box. Highly recommended for daily use!,Great quality product,True
A001393M,B0001246,4.0,"01 28, 2024",1706414400,2024-01-28,"Five stars! Reliable, solid construction and crisp performance.",Great quality product,True
A000607H,B0001160,4.0,"01 28, 2024",1706414400,2024-01-28,"Five stars! Reliable, solid construction and crisp performance.",Great quality product,True
A000489N,B0001044,5.0,"01 28, 2024",1706414400,2024-01-28,"Five stars! Reliable, solid construction and crisp performance.",Great quality product,True
A000804W,B0001029,5.0,"01 28, 2024",1706414400,2024-01-28,"Five stars! Reliable, solid construction and crisp performance.",Great quality product,True
A000095F,B0001035,3.0,"01 28, 2024",1706414400,2024-01-28,"Met my basic expectations. Not premium, but good value overall.",Average experience,True
A001857Z,B0001026,5.0,"01 28, 2024",1706414400,2024-01-28,"Exceptional build quality, exceeds expectations for the price point.",Great quality product,True
A002860D,B0001021,4.0,"01 28, 2024",1706414400,2024-01-28,"Five stars! Reliable, solid construction and crisp performance.",Great quality product,False
A001156Z,B0001032,5.0,"01 28, 2024",1706414400,2024-01-28,"Five stars! Reliable, solid construction and crisp performance.",Great quality product,True
A000280C,B0001001,1.0,"01 28, 2024",1706414400,2024-01-28,Not satisfied with the durability. Stopped functioning as expected.,Could be better,True
A000071V,B0001029,2.0,"01 28, 2024",1706414400,2024-01-28,Customer support was slow and the product felt flimsy.,Could be better,True
A001765G,B0001078,5.0,"01 28, 2024",1706414400,2024-01-28,"Five stars! Reliable, solid construction and crisp performance.",Great quality product,True
A002902Q,B0001043,1.0,"01 28, 2024",1706414400,2024-01-28,Doesn't live up to the marketing claims. Disappointed with the quality.,Could be better,True
A002448Y,B0001012,5.0,"01 29, 2024",1706500800,2024-01-29,Very pleased with this purchase. Super fast delivery and great packaging.,Great quality product,True
A001261E,B0001079,5.0,"01 29, 2024",1706500800,2024-01-29,"Exceptional build quality, exceeds expectations for the price point.",Great quality product,True
A000603S,B0001036,5.0,"01 29, 2024",1706500800,2024-01-29,Fantastic performance and great design. Would definitely purchase again.,Great quality product,True
A001037H,B0001036,4.0,"01 29, 2024",1706500800,2024-01-29,Works straight out of the box. Highly recommended for daily use!,Great quality product,False
A000050Y,B0001246,5.0,"01 29, 2024",1706500800,2024-01-29,Very pleased with this purchase. Super fast delivery and great packaging.,Great quality product,True
A000400Z,B0001222,1.0,"01 29, 2024",1706500800,2024-01-29,Doesn't live up to the marketing claims. Disappointed with the quality.,Could be better,True
A000492P,B0001103,2.0,"01 29, 2024",1706500800,2024-01-29,Doesn't live up to the marketing claims. Disappointed with the quality.,Could be better,True
A001130W,B0001006,4.0,"01 29, 2024",1706500800,2024-01-29,"Exceptional build quality, exceeds expectations for the price point.",Great quality product,False
A001848W,B0001052,4.0,"01 29, 2024",1706500800,2024-01-29,"Exceptional build quality, exceeds expectations for the price point.",Great quality product,True
A000139R,B0001142,4.0,"01 29, 2024",1706500800,2024-01-29,Works straight out of the box. Highly recommended for daily use!,Great quality product,True
A001541M,B0001062,2.0,"01 29, 2024",1706500800,2024-01-29,Doesn't live up to the marketing claims. Disappointed with the quality.,Could be better,True
A000699Y,B0001091,5.0,"01 29, 2024",1706500800,2024-01-29,Works straight out of the box. Highly recommended for daily use!,Great quality product,True
A001267L,B0001007,5.0,"01 29, 2024",1706500800,2024-01-29,Very pleased with this purchase. Super fast delivery and great packaging.,Great quality product,True
A001889R,B0001118,4.0,"01 29, 2024",1706500800,2024-01-29,Works straight out of the box. Highly recommended for daily use!,Great quality product,True
A000531H,B0001189,2.0,"01 29, 2024",1706500800,2024-01-29,Doesn't live up to the marketing claims. Disappointed with the quality.,Could be better,True
A000168X,B0001027,4.0,"01 29, 2024",1706500800,2024-01-29,Works straight out of the box. Highly recommended for daily use!,Great quality product,True
A000664S,B0001210,1.0,"01 29, 2024",1706500800,2024-01-29,Doesn't live up to the marketing claims. Disappointed with the quality.,Could be better,True
A000345X,B0001177,5.0,"01 29, 2024",1706500800,2024-01-29,Works straight out of the box. Highly recommended for daily use!,Great quality product,True
A001177P,B0001003,1.0,"01 30, 2024",1706587200,2024-01-30,Doesn't live up to the marketing claims. Disappointed with the quality.,Could be better,True
A002292G,B0001005,4.0,"01 30, 2024",1706587200,2024-01-30,Fantastic performance and great design. Would definitely purchase again.,Great quality product,True
A000791T,B0001086,4.0,"01 30, 2024",1706587200,2024-01-30,Works straight out of the box. Highly recommended for daily use!,Great quality product,True
A002723Q,B0001002,3.0,"01 30, 2024",1706587200,2024-01-30,Works as advertised. Average battery life and fair ergonomics.,Average experience,True
A000599D,B0001232,4.0,"01 30, 2024",1706587200,2024-01-30,Fantastic performance and great design. Would definitely purchase again.,Great quality product,True
A001934C,B0001015,4.0,"01 30, 2024",1706587200,2024-01-30,Very pleased with this purchase. Super fast delivery and great packaging.,Great quality product,True
A001991C,B0001001,4.0,"01 30, 2024",1706587200,2024-01-30,Very pleased with this purchase. Super fast delivery and great packaging.,Great quality product,True
A002631V,B0001056,4.0,"01 30, 2024",1706587200,2024-01-30,Fantastic performance and great design. Would definitely purchase again.,Great quality product,True
A001993Z,B0001227,4.0,"01 30, 2024",1706587200,2024-01-30,"Exceptional build quality, exceeds expectations for the price point.",Great quality product,True
A000974Q,B0001001,4.0,"01 30, 2024",1706587200,2024-01-30,Very pleased with this purchase. Super fast delivery and great packaging.,Great quality product,True
A001575U,B0001204,3.0,"01 30, 2024",1706587200,2024-01-30,Works as advertised. Average battery life and fair ergonomics.,Average experience,True
A001533X,B0001014,3.0,"01 30, 2024",1706587200,2024-01-30,"Met my basic expectations. Not premium, but good value overall.",Average experience,False
A002178Y,B0001150,2.0,"01 30, 2024",1706587200,2024-01-30,Customer support was slow and the product felt flimsy.,Could be better,True
A001072U,B0001042,5.0,"01 30, 2024",1706587200,2024-01-30,"Exceptional build quality, exceeds expectations for the price point.",Great quality product,True
A002681N,B0001012,4.0,"01 30, 2024",1706587200,2024-01-30,Very pleased with this purchase. Super fast delivery and great packaging.,Great quality product,True
A002387B,B0001126,5.0,"01 30, 2024",1706587200,2024-01-30,Works straight out of the box. Highly recommended for daily use!,Great quality product,True
A002551K,B0001147,5.0,"01 30, 2024",1706587200,2024-01-30,Fantastic performance and great design. Would definitely purchase again.,Great quality product,True
A002615D,B0001003,4.0,"01 30, 2024",1706587200,2024-01-30,Fantastic performance and great design. Would definitely purchase again.,Great quality product,True
A001921M,B0001201,3.0,"01 30, 2024",1706587200,2024-01-30,Works as advertised. Average battery life and fair ergonomics.,Average experience,True
A002209S,B0001133,3.0,"01 30, 2024",1706587200,2024-01-30,"Met my basic expectations. Not premium, but good value overall.",Average experience,True
A000106K,B0001021,1.0,"01 30, 2024",1706587200,2024-01-30,Customer support was slow and the product felt flimsy.,Could be better,True
A002306X,B0001046,4.0,"01 30, 2024",1706587200,2024-01-30,Works straight out of the box. Highly recommended for daily use!,Great quality product,True
A002562R,B0001012,3.0,"01 30, 2024",1706587200,2024-01-30,Works as advertised. Average battery life and fair ergonomics.,Average experience,True
A002875Y,B0001103,4.0,"01 30, 2024",1706587200,2024-01-30,"Exceptional build quality, exceeds expectations for the price point.",Great quality product,True
A002261F,B0001008,3.0,"01 30, 2024",1706587200,2024-01-30,"Met my basic expectations. Not premium, but good value overall.",Average experience,True
A002601F,B0001086,4.0,"01 30, 2024",1706587200,2024-01-30,Very pleased with this purchase. Super fast delivery and great packaging.,Great quality product,True
A002109V,B0001005,5.0,"01 30, 2024",1706587200,2024-01-30,"Five stars! Reliable, solid construction and crisp performance.",Great quality product,True
A000872F,B0001008,4.0,"01 30, 2024",1706587200,2024-01-30,"Exceptional build quality, exceeds expectations for the price point.",Great quality product,True
A001143B,B0001086,3.0,"01 30, 2024",1706587200,2024-01-30,Works as advertised. Average battery life and fair ergonomics.,Average experience,False
A000140A,B0001168,5.0,"01 30, 2024",1706587200,2024-01-30,Fantastic performance and great design. Would definitely purchase again.,Great quality product,True
A000269W,B0001045,1.0,"01 31, 2024",1706673600,2024-01-31,Not satisfied with the durability. Stopped functioning as expected.,Could be better,True
A002677J,B0001062,5.0,"01 31, 2024",1706673600,2024-01-31,"Five stars! Reliable, solid construction and crisp performance.",Great quality product,True
A002750J,B0001044,3.0,"01 31, 2024",1706673600,2024-01-31,Works as advertised. Average battery life and fair ergonomics.,Average experience,True
A000919V,B0001136,1.0,"01 31, 2024",1706673600,2024-01-31,Customer support was slow and the product felt flimsy.,Could be better,True
A001604A,B0001038,4.0,"01 31, 2024",1706673600,2024-01-31,"Exceptional build quality, exceeds expectations for the price point.",Great quality product,True
A002644G,B0001001,3.0,"01 31, 2024",1706673600,2024-01-31,"Met my basic expectations. Not premium, but good value overall.",Average experience,True
A000542W,B0001203,2.0,"01 31, 2024",1706673600,2024-01-31,Not satisfied with the durability. Stopped functioning as expected.,Could be better,False
A000570Q,B0001018,5.0,"01 31, 2024",1706673600,2024-01-31,"Five stars! Reliable, solid construction and crisp performance.",Great quality product,True
A002224S,B0001093,5.0,"01 31, 2024",1706673600,2024-01-31,Works straight out of the box. Highly recommended for daily use!,Great quality product,True
A002533Y,B0001142,5.0,"01 31, 2024",1706673600,2024-01-31,"Five stars! Reliable, solid construction and crisp performance.",Great quality product,True
A002562R,B0001002,1.0,"01 31, 2024",1706673600,2024-01-31,Doesn't live up to the marketing claims. Disappointed with the quality.,Could be better,True
A002756J,B0001006,1.0,"01 31, 2024",1706673600,2024-01-31,Customer support was slow and the product felt flimsy.,Could be better,True
A001544H,B0001035,5.0,"01 31, 2024",1706673600,2024-01-31,Works straight out of the box. Highly recommended for daily use!,Great quality product,True
A002211S,B0001038,4.0,"01 31, 2024",1706673600,2024-01-31,Very pleased with this purchase. Super fast delivery and great packaging.,Great quality product,True
A001713J,B0001010,4.0,"01 31, 2024",1706673600,2024-01-31,Works straight out of the box. Highly recommended for daily use!,Great quality product,True
A001218N,B0001094,1.0,"01 31, 2024",1706673600,2024-01-31,Doesn't live up to the marketing claims. Disappointed with the quality.,Could be better,True
A001375M,B0001065,4.0,"01 31, 2024",1706673600,2024-01-31,Very pleased with this purchase. Super fast delivery and great packaging.,Great quality product,False
A001348T,B0001245,5.0,"01 31, 2024",1706673600,2024-01-31,"Five stars! Reliable, solid construction and crisp performance.",Great quality product,True
A001497P,B0001011,2.0,"01 31, 2024",1706673600,2024-01-31,Not satisfied with the durability. Stopped functioning as expected.,Could be better,True
A001067S,B0001004,3.0,"02 01, 2024",1706760000,2024-02-01,"Decent product for the cost, but has a few minor design quirks.",Average experience,True
A002644G,B0001122,2.0,"02 01, 2024",1706760000,2024-02-01,Doesn't live up to the marketing claims. Disappointed with the quality.,Could be better,True
A001695S,B0001021,5.0,"02 01, 2024",1706760000,2024-02-01,"Exceptional build quality, exceeds expectations for the price point.",Great quality product,True
A001749P,B0001070,5.0,"02 01, 2024",1706760000,2024-02-01,Works straight out of the box. Highly recommended for daily use!,Great quality product,True
A001693B,B0001005,4.0,"02 01, 2024",1706760000,2024-02-01,Very pleased with this purchase. Super fast delivery and great packaging.,Great quality product,True
A001565S,B0001098,1.0,"02 01, 2024",1706760000,2024-02-01,Not satisfied with the durability. Stopped functioning as expected.,Could be better,True
A001804W,B0001012,5.0,"02 01, 2024",1706760000,2024-02-01,Very pleased with this purchase. Super fast delivery and great packaging.,Great quality product,True
A000496A,B0001137,5.0,"02 01, 2024",1706760000,2024-02-01,Very pleased with this purchase. Super fast delivery and great packaging.,Great quality product,True
A002930Y,B0001115,5.0,"02 01, 2024",1706760000,2024-02-01,Fantastic performance and great design. Would definitely purchase again.,Great quality product,True
A002635K,B0001062,3.0,"02 01, 2024",1706760000,2024-02-01,Works as advertised. Average battery life and fair ergonomics.,Average experience,False
A001582D,B0001187,4.0,"02 01, 2024",1706760000,2024-02-01,Fantastic performance and great design. Would definitely purchase again.,Great quality product,True
A002601F,B0001143,4.0,"02 01, 2024",1706760000,2024-02-01,Very pleased with this purchase. Super fast delivery and great packaging.,Great quality product,True
A001683Y,B0001031,4.0,"02 01, 2024",1706760000,2024-02-01,Fantastic performance and great design. Would definitely purchase again.,Great quality product,True
A002542J,B0001130,1.0,"02 01, 2024",1706760000,2024-02-01,Customer support was slow and the product felt flimsy.,Could be better,True
A001437K,B0001225,4.0,"02 01, 2024",1706760000,2024-02-01,Very pleased with this purchase. Super fast delivery and great packaging.,Great quality product,True
A000463A,B0001030,4.0,"02 01, 2024",1706760000,2024-02-01,"Exceptional build quality, exceeds expectations for the price point.",Great quality product,True
A001300U,B0001002,4.0,"02 01, 2024",1706760000,2024-02-01,Very pleased with this purchase. Super fast delivery and great packaging.,Great quality product,True
A001046E,B0001237,3.0,"02 01, 2024",1706760000,2024-02-01,"Met my basic expectations. Not premium, but good value overall.",Average experience,False
A002735Y,B0001018,3.0,"02 01, 2024",1706760000,2024-02-01,"Met my basic expectations. Not premium, but good value overall.",Average experience,True
A000283V,B0001186,2.0,"02 01, 2024",1706760000,2024-02-01,Not satisfied with the durability. Stopped functioning as expected.,Could be better,True
A001732P,B0001018,5.0,"02 01, 2024",1706760000,2024-02-01,Works straight out of the box. Highly recommended for daily use!,Great quality product,True
A000076X,B0001182,4.0,"02 01, 2024",1706760000,2024-02-01,Fantastic performance and great design. Would definitely purchase again.,Great quality product,True
A002625H,B0001150,5.0,"02 01, 2024",1706760000,2024-02-01,"Five stars! Reliable, solid construction and crisp performance.",Great quality product,True
A000644M,B0001025,5.0,"02 01, 2024",1706760000,2024-02-01,"Exceptional build quality, exceeds expectations for the price point.",Great quality product,True
A000347P,B0001236,4.0,"02 01, 2024",1706760000,2024-02-01,Works straight out of the box. Highly recommended for daily use!,Great quality product,True
A000009N,B0001001,2.0,"02 01, 2024",1706760000,2024-02-01,Customer support was slow and the product felt flimsy.,Could be better,True
A001164L,B0001114,5.0,"02 01, 2024",1706760000,2024-02-01,Fantastic performance and great design. Would definitely purchase again.,Great quality product,True
A002832Z,B0001012,4.0,"02 01, 2024",1706760000,2024-02-01,Works straight out of the box. Highly recommended for daily use!,Great quality product,True
A000174Z,B0001010,2.0,"02 01, 2024",1706760000,2024-02-01,Doesn't live up to the marketing claims. Disappointed with the quality.,Could be better,True
A001153L,B0001005,2.0,"02 01, 2024",1706760000,2024-02-01,Doesn't live up to the marketing claims. Disappointed with the quality.,Could be better,True
A002562R,B0001013,4.0,"02 01, 2024",1706760000,2024-02-01,Very pleased with this purchase. Super fast delivery and great packaging.,Great quality product,True
A001908D,B0001007,4.0,"02 01, 2024",1706760000,2024-02-01,"Five stars! Reliable, solid construction and crisp performance.",Great quality product,True
A000449B,B0001005,5.0,"02 01, 2024",1706760000,2024-02-01,Fantastic performance and great design. Would definitely purchase again.,Great quality product,True
A001345L,B0001012,5.0,"02 01, 2024",1706760000,2024-02-01,Works straight out of the box. Highly recommended for daily use!,Great quality product,True
A001977K,B0001076,5.0,"02 02, 2024",1706846400,2024-02-02,"Exceptional build quality, exceeds expectations for the price point.",Great quality product,True
A002665U,B0001002,2.0,"02 02, 2024",1706846400,2024-02-02,Doesn't live up to the marketing claims. Disappointed with the quality.,Could be better,True
A000177P,B0001053,2.0,"02 02, 2024",1706846400,2024-02-02,Doesn't live up to the marketing claims. Disappointed with the quality.,Could be better,True
A000824H,B0001010,5.0,"02 02, 2024",1706846400,2024-02-02,"Exceptional build quality, exceeds expectations for the price point.",Great quality product,True
A001464D,B0001171,2.0,"02 02, 2024",1706846400,2024-02-02,Doesn't live up to the marketing claims. Disappointed with the quality.,Could be better,False
A002188D,B0001004,5.0,"02 02, 2024",1706846400,2024-02-02,"Exceptional build quality, exceeds expectations for the price point.",Great quality product,True
A000218T,B0001024,1.0,"02 02, 2024",1706846400,2024-02-02,Doesn't live up to the marketing claims. Disappointed with the quality.,Could be better,True
A001749P,B0001059,3.0,"02 02, 2024",1706846400,2024-02-02,"Decent product for the cost, but has a few minor design quirks.",Average experience,True
A002961B,B0001003,3.0,"02 02, 2024",1706846400,2024-02-02,"Decent product for the cost, but has a few minor design quirks.",Average experience,True
A002088J,B0001087,5.0,"02 02, 2024",1706846400,2024-02-02,"Five stars! Reliable, solid construction and crisp performance.",Great quality product,False
A000061V,B0001184,5.0,"02 02, 2024",1706846400,2024-02-02,Fantastic performance and great design. Would definitely purchase again.,Great quality product,False
A001269N,B0001083,4.0,"02 02, 2024",1706846400,2024-02-02,Works straight out of the box. Highly recommended for daily use!,Great quality product,True
A000482A,B0001117,1.0,"02 02, 2024",1706846400,2024-02-02,Customer support was slow and the product felt flimsy.,Could be better,True
A001654X,B0001015,4.0,"02 02, 2024",1706846400,2024-02-02,"Five stars! Reliable, solid construction and crisp performance.",Great quality product,True
A002515E,B0001232,4.0,"02 02, 2024",1706846400,2024-02-02,Very pleased with this purchase. Super fast delivery and great packaging.,Great quality product,True
A002317M,B0001013,4.0,"02 02, 2024",1706846400,2024-02-02,Very pleased with this purchase. Super fast delivery and great packaging.,Great quality product,True
A000890B,B0001030,4.0,"02 02, 2024",1706846400,2024-02-02,"Five stars! Reliable, solid construction and crisp performance.",Great quality product,True
A000347P,B0001002,5.0,"02 02, 2024",1706846400,2024-02-02,Works straight out of the box. Highly recommended for daily use!,Great quality product,True
A002115W,B0001224,4.0,"02 02, 2024",1706846400,2024-02-02,"Five stars! Reliable, solid construction and crisp performance.",Great quality product,True
A000794S,B0001168,1.0,"02 02, 2024",1706846400,2024-02-02,Customer support was slow and the product felt flimsy.,Could be better,True
A001538D,B0001009,2.0,"02 02, 2024",1706846400,2024-02-02,Not satisfied with the durability. Stopped functioning as expected.,Could be better,True
A000590W,B0001044,5.0,"02 02, 2024",1706846400,2024-02-02,"Five stars! Reliable, solid construction and crisp performance.",Great quality product,False
A002847H,B0001058,3.0,"02 02, 2024",1706846400,2024-02-02,Works as advertised. Average battery life and fair ergonomics.,Average experience,True
A002438G,B0001045,2.0,"02 02, 2024",1706846400,2024-02-02,Customer support was slow and the product felt flimsy.,Could be better,True
A002580H,B0001096,2.0,"02 02, 2024",1706846400,2024-02-02,Doesn't live up to the marketing claims. Disappointed with the quality.,Could be better,True
A000346D,B0001214,2.0,"02 03, 2024",1706932800,2024-02-03,Customer support was slow and the product felt flimsy.,Could be better,True
A002490R,B0001116,5.0,"02 03, 2024",1706932800,2024-02-03,"Five stars! Reliable, solid construction and crisp performance.",Great quality product,False
A002191X,B0001215,4.0,"02 03, 2024",1706932800,2024-02-03,"Exceptional build quality, exceeds expectations for the price point.",Great quality product,True
A000168X,B0001001,5.0,"02 03, 2024",1706932800,2024-02-03,Works straight out of the box. Highly recommended for daily use!,Great quality product,True
A000908R,B0001018,4.0,"02 03, 2024",1706932800,2024-02-03,"Exceptional build quality, exceeds expectations for the price point.",Great quality product,True
A000663X,B0001238,1.0,"02 03, 2024",1706932800,2024-02-03,Not satisfied with the durability. Stopped functioning as expected.,Could be better,False
A001391Y,B0001133,5.0,"02 03, 2024",1706932800,2024-02-03,Fantastic performance and great design. Would definitely purchase again.,Great quality product,True
A002929K,B0001002,4.0,"02 03, 2024",1706932800,2024-02-03,Very pleased with this purchase. Super fast delivery and great packaging.,Great quality product,True
A000784V,B0001017,5.0,"02 03, 2024",1706932800,2024-02-03,Fantastic performance and great design. Would definitely purchase again.,Great quality product,True
A002437G,B0001001,4.0,"02 03, 2024",1706932800,2024-02-03,Very pleased with this purchase. Super fast delivery and great packaging.,Great quality product,True
A000451N,B0001079,4.0,"02 03, 2024",1706932800,2024-02-03,Very pleased with this purchase. Super fast delivery and great packaging.,Great quality product,True
A002404M,B0001165,2.0,"02 03, 2024",1706932800,2024-02-03,Customer support was slow and the product felt flimsy.,Could be better,True
A000991F,B0001010,1.0,"02 03, 2024",1706932800,2024-02-03,Doesn't live up to the marketing claims. Disappointed with the quality.,Could be better,True
A000968N,B0001112,4.0,"02 03, 2024",1706932800,2024-02-03,Works straight out of the box. Highly recommended for daily use!,Great quality product,True
A001306F,B0001007,4.0,"02 03, 2024",1706932800,2024-02-03,"Five stars! Reliable, solid construction and crisp performance.",Great quality product,True
A000528Z,B0001039,4.0,"02 03, 2024",1706932800,2024-02-03,Fantastic performance and great design. Would definitely purchase again.,Great quality product,True
A000171T,B0001002,1.0,"02 03, 2024",1706932800,2024-02-03,Customer support was slow and the product felt flimsy.,Could be better,False
A001469T,B0001022,5.0,"02 03, 2024",1706932800,2024-02-03,Fantastic performance and great design. Would definitely purchase again.,Great quality product,True
A001573S,B0001099,3.0,"02 03, 2024",1706932800,2024-02-03,"Met my basic expectations. Not premium, but good value overall.",Average experience,True
A000400Z,B0001226,5.0,"02 03, 2024",1706932800,2024-02-03,Works straight out of the box. Highly recommended for daily use!,Great quality product,True
A001174K,B0001053,3.0,"02 03, 2024",1706932800,2024-02-03,"Met my basic expectations. Not premium, but good value overall.",Average experience,False
A002406B,B0001032,3.0,"02 03, 2024",1706932800,2024-02-03,Works as advertised. Average battery life and fair ergonomics.,Average experience,True
A001879S,B0001002,4.0,"02 03, 2024",1706932800,2024-02-03,"Exceptional build quality, exceeds expectations for the price point.",Great quality product,True
A001204R,B0001088,3.0,"02 03, 2024",1706932800,2024-02-03,"Met my basic expectations. Not premium, but good value overall.",Average experience,True
A000876Q,B0001210,5.0,"02 03, 2024",1706932800,2024-02-03,Fantastic performance and great design. Would definitely purchase again.,Great quality product,True
A001564Q,B0001195,5.0,"02 04, 2024",1707019200,2024-02-04,Works straight out of the box. Highly recommended for daily use!,Great quality product,False
A001561V,B0001005,4.0,"02 04, 2024",1707019200,2024-02-04,"Five stars! Reliable, solid construction and crisp performance.",Great quality product,True
A000901P,B0001230,4.0,"02 04, 2024",1707019200,2024-02-04,Works straight out of the box. Highly recommended for daily use!,Great quality product,True
A001395W,B0001046,4.0,"02 04, 2024",1707019200,2024-02-04,Very pleased with this purchase. Super fast delivery and great packaging.,Great quality product,True
A002963E,B0001102,4.0,"02 04, 2024",1707019200,2024-02-04,Fantastic performance and great design. Would definitely purchase again.,Great quality product,True
A000742Y,B0001001,4.0,"02 04, 2024",1707019200,2024-02-04,Fantastic performance and great design. Would definitely purchase again.,Great quality product,True
A002492U,B0001174,5.0,"02 04, 2024",1707019200,2024-02-04,Works straight out of the box. Highly recommended for daily use!,Great quality product,True
A002115W,B0001043,5.0,"02 04, 2024",1707019200,2024-02-04,Works straight out of the box. Highly recommended for daily use!,Great quality product,True
A001683Y,B0001116,4.0,"02 04, 2024",1707019200,2024-02-04,"Five stars! Reliable, solid construction and crisp performance.",Great quality product,True
A001090C,B0001009,2.0,"02 04, 2024",1707019200,2024-02-04,Not satisfied with the durability. Stopped functioning as expected.,Could be better,True
A001701U,B0001103,5.0,"02 04, 2024",1707019200,2024-02-04,"Exceptional build quality, exceeds expectations for the price point.",Great quality product,False
A002743S,B0001148,4.0,"02 04, 2024",1707019200,2024-02-04,"Exceptional build quality, exceeds expectations for the price point.",Great quality product,True
A001190K,B0001163,3.0,"02 04, 2024",1707019200,2024-02-04,"Met my basic expectations. Not premium, but good value overall.",Average experience,True
A001823Z,B0001007,4.0,"02 04, 2024",1707019200,2024-02-04,Fantastic performance and great design. Would definitely purchase again.,Great quality product,True
A002151Y,B0001011,1.0,"02 04, 2024",1707019200,2024-02-04,Doesn't live up to the marketing claims. Disappointed with the quality.,Could be better,True
A001098K,B0001001,3.0,"02 04, 2024",1707019200,2024-02-04,Works as advertised. Average battery life and fair ergonomics.,Average experience,False
A002059T,B0001023,2.0,"02 04, 2024",1707019200,2024-02-04,Not satisfied with the durability. Stopped functioning as expected.,Could be better,False
A002924J,B0001177,5.0,"02 04, 2024",1707019200,2024-02-04,"Five stars! Reliable, solid construction and crisp performance.",Great quality product,True
A001108F,B0001022,4.0,"02 04, 2024",1707019200,2024-02-04,Works straight out of the box. Highly recommended for daily use!,Great quality product,True
A001681V,B0001188,5.0,"02 04, 2024",1707019200,2024-02-04,Fantastic performance and great design. Would definitely purchase again.,Great quality product,True
A002163H,B0001008,3.0,"02 04, 2024",1707019200,2024-02-04,"Decent product for the cost, but has a few minor design quirks.",Average experience,True
A001207X,B0001191,3.0,"02 04, 2024",1707019200,2024-02-04,"Decent product for the cost, but has a few minor design quirks.",Average experience,True
A000778R,B0001218,1.0,"02 04, 2024",1707019200,2024-02-04,Doesn't live up to the marketing claims. Disappointed with the quality.,Could be better,True
A002891X,B0001057,4.0,"02 04, 2024",1707019200,2024-02-04,Works straight out of the box. Highly recommended for daily use!,Great quality product,True
A000330C,B0001026,3.0,"02 04, 2024",1707019200,2024-02-04,"Met my basic expectations. Not premium, but good value overall.",Average experience,True
A001632Q,B0001102,1.0,"02 04, 2024",1707019200,2024-02-04,Not satisfied with the durability. Stopped functioning as expected.,Could be better,True
A001916J,B0001093,1.0,"02 04, 2024",1707019200,2024-02-04,Customer support was slow and the product felt flimsy.,Could be better,True
A000197M,B0001004,1.0,"02 04, 2024",1707019200,2024-02-04,Not satisfied with the durability. Stopped functioning as expected.,Could be better,True
A002185V,B0001013,1.0,"02 04, 2024",1707019200,2024-02-04,Customer support was slow and the product felt flimsy.,Could be better,False
A001245M,B0001039,5.0,"02 04, 2024",1707019200,2024-02-04,Very pleased with this purchase. Super fast delivery and great packaging.,Great quality product,True
A002458B,B0001149,2.0,"02 04, 2024",1707019200,2024-02-04,Not satisfied with the durability. Stopped functioning as expected.,Could be better,True
A001401T,B0001085,5.0,"02 04, 2024",1707019200,2024-02-04,"Five stars! Reliable, solid construction and crisp performance.",Great quality product,True
A002467L,B0001009,5.0,"02 04, 2024",1707019200,2024-02-04,Very pleased with this purchase. Super fast delivery and great packaging.,Great quality product,True
A001294A,B0001141,1.0,"02 04, 2024",1707019200,2024-02-04,Doesn't live up to the marketing claims. Disappointed with the quality.,Could be better,True
A001046E,B0001043,3.0,"02 05, 2024",1707105600,2024-02-05,"Met my basic expectations. Not premium, but good value overall.",Average experience,True
A000829X,B0001249,1.0,"02 05, 2024",1707105600,2024-02-05,Customer support was slow and the product felt flimsy.,Could be better,True
A001967B,B0001072,4.0,"02 05, 2024",1707105600,2024-02-05,Fantastic performance and great design. Would definitely purchase again.,Great quality product,True
A000602C,B0001061,4.0,"02 05, 2024",1707105600,2024-02-05,Works straight out of the box. Highly recommended for daily use!,Great quality product,False
A000585T,B0001016,1.0,"02 05, 2024",1707105600,2024-02-05,Customer support was slow and the product felt flimsy.,Could be better,True
A000411F,B0001002,3.0,"02 05, 2024",1707105600,2024-02-05,Works as advertised. Average battery life and fair ergonomics.,Average experience,True
A001654X,B0001004,5.0,"02 05, 2024",1707105600,2024-02-05,"Five stars! Reliable, solid construction and crisp performance.",Great quality product,True
A001554T,B0001031,4.0,"02 05, 2024",1707105600,2024-02-05,"Five stars! Reliable, solid construction and crisp performance.",Great quality product,True
A001885X,B0001026,4.0,"02 05, 2024",1707105600,2024-02-05,Works straight out of the box. Highly recommended for daily use!,Great quality product,True
A002265F,B0001102,2.0,"02 05, 2024",1707105600,2024-02-05,Doesn't live up to the marketing claims. Disappointed with the quality.,Could be better,True
A002759J,B0001083,2.0,"02 05, 2024",1707105600,2024-02-05,Doesn't live up to the marketing claims. Disappointed with the quality.,Could be better,True
A002162K,B0001031,4.0,"02 05, 2024",1707105600,2024-02-05,Fantastic performance and great design. Would definitely purchase again.,Great quality product,True
A002466Y,B0001042,5.0,"02 05, 2024",1707105600,2024-02-05,Fantastic performance and great design. Would definitely purchase again.,Great quality product,True
A000117N,B0001013,5.0,"02 05, 2024",1707105600,2024-02-05,Fantastic performance and great design. Would definitely purchase again.,Great quality product,True
A000666W,B0001164,3.0,"02 05, 2024",1707105600,2024-02-05,Works as advertised. Average battery life and fair ergonomics.,Average experience,True
A002205A,B0001127,3.0,"02 05, 2024",1707105600,2024-02-05,Works as advertised. Average battery life and fair ergonomics.,Average experience,True
A002743S,B0001113,4.0,"02 05, 2024",1707105600,2024-02-05,"Five stars! Reliable, solid construction and crisp performance.",Great quality product,True
A000418C,B0001217,5.0,"02 05, 2024",1707105600,2024-02-05,"Exceptional build quality, exceeds expectations for the price point.",Great quality product,True
A002651R,B0001227,4.0,"02 05, 2024",1707105600,2024-02-05,"Five stars! Reliable, solid construction and crisp performance.",Great quality product,True
A000001P,B0001142,5.0,"02 05, 2024",1707105600,2024-02-05,"Five stars! Reliable, solid construction and crisp performance.",Great quality product,True
A002388J,B0001087,4.0,"02 05, 2024",1707105600,2024-02-05,"Exceptional build quality, exceeds expectations for the price point.",Great quality product,True
A000332C,B0001007,3.0,"02 06, 2024",1707192000,2024-02-06,"Met my basic expectations. Not premium, but good value overall.",Average experience,True
A000451N,B0001008,4.0,"02 06, 2024",1707192000,2024-02-06,"Five stars! Reliable, solid construction and crisp performance.",Great quality product,True
A002297D,B0001123,5.0,"02 06, 2024",1707192000,2024-02-06,Fantastic performance and great design. Would definitely purchase again.,Great quality product,True
A000929K,B0001125,4.0,"02 06, 2024",1707192000,2024-02-06,Fantastic performance and great design. Would definitely purchase again.,Great quality product,True
A001954H,B0001162,5.0,"02 06, 2024",1707192000,2024-02-06,Works straight out of the box. Highly recommended for daily use!,Great quality product,True
A001294A,B0001001,4.0,"02 06, 2024",1707192000,2024-02-06,Works straight out of the box. Highly recommended for daily use!,Great quality product,True
A000514Z,B0001008,2.0,"02 06, 2024",1707192000,2024-02-06,Doesn't live up to the marketing claims. Disappointed with the quality.,Could be better,True
A000393F,B0001031,4.0,"02 06, 2024",1707192000,2024-02-06,"Exceptional build quality, exceeds expectations for the price point.",Great quality product,True
A001803T,B0001063,4.0,"02 06, 2024",1707192000,2024-02-06,Works straight out of the box. Highly recommended for daily use!,Great quality product,True
A001924U,B0001139,5.0,"02 06, 2024",1707192000,2024-02-06,Very pleased with this purchase. Super fast delivery and great packaging.,Great quality product,True
A001199U,B0001031,2.0,"02 06, 2024",1707192000,2024-02-06,Not satisfied with the durability. Stopped functioning as expected.,Could be better,True
A002601F,B0001156,4.0,"02 06, 2024",1707192000,2024-02-06,Very pleased with this purchase. Super fast delivery and great packaging.,Great quality product,True
A001182Z,B0001085,4.0,"02 06, 2024",1707192000,2024-02-06,"Exceptional build quality, exceeds expectations for the price point.",Great quality product,True
A001718F,B0001121,3.0,"02 06, 2024",1707192000,2024-02-06,"Decent product for the cost, but has a few minor design quirks.",Average experience,True
A000781Y,B0001007,4.0,"02 06, 2024",1707192000,2024-02-06,Very pleased with this purchase. Super fast delivery and great packaging.,Great quality product,True
A002521B,B0001002,4.0,"02 06, 2024",1707192000,2024-02-06,Works straight out of the box. Highly recommended for daily use!,Great quality product,False
A000093Z,B0001005,5.0,"02 06, 2024",1707192000,2024-02-06,"Exceptional build quality, exceeds expectations for the price point.",Great quality product,True
A001917M,B0001130,5.0,"02 06, 2024",1707192000,2024-02-06,Fantastic performance and great design. Would definitely purchase again.,Great quality product,False
A001021T,B0001097,1.0,"02 06, 2024",1707192000,2024-02-06,Customer support was slow and the product felt flimsy.,Could be better,True
A000226A,B0001093,5.0,"02 06, 2024",1707192000,2024-02-06,Very pleased with this purchase. Super fast delivery and great packaging.,Great quality product,True
A002875Y,B0001055,4.0,"02 06, 2024",1707192000,2024-02-06,"Five stars! Reliable, solid construction and crisp performance.",Great quality product,True
A000612S,B0001070,1.0,"02 06, 2024",1707192000,2024-02-06,Doesn't live up to the marketing claims. Disappointed with the quality.,Could be better,True
A001899J,B0001005,5.0,"02 06, 2024",1707192000,2024-02-06,Very pleased with this purchase. Super fast delivery and great packaging.,Great quality product,True
A000016H,B0001001,5.0,"02 06, 2024",1707192000,2024-02-06,"Five stars! Reliable, solid construction and crisp performance.",Great quality product,True
A002721P,B0001139,2.0,"02 06, 2024",1707192000,2024-02-06,Not satisfied with the durability. Stopped functioning as expected.,Could be better,True
A002789M,B0001001,5.0,"02 06, 2024",1707192000,2024-02-06,Fantastic performance and great design. Would definitely purchase again.,Great quality product,True
A000993S,B0001241,4.0,"02 07, 2024",1707278400,2024-02-07,Fantastic performance and great design. Would definitely purchase again.,Great quality product,True
A000985W,B0001020,5.0,"02 07, 2024",1707278400,2024-02-07,"Exceptional build quality, exceeds expectations for the price point.",Great quality product,True
A002405T,B0001167,5.0,"02 07, 2024",1707278400,2024-02-07,Works straight out of the box. Highly recommended for daily use!,Great quality product,True
A001310V,B0001063,5.0,"02 07, 2024",1707278400,2024-02-07,Works straight out of the box. Highly recommended for daily use!,Great quality product,True
A002711W,B0001015,1.0,"02 07, 2024",1707278400,2024-02-07,Not satisfied with the durability. Stopped functioning as expected.,Could be better,True
A002363B,B0001104,4.0,"02 07, 2024",1707278400,2024-02-07,Works straight out of the box. Highly recommended for daily use!,Great quality product,True
A000613V,B0001005,2.0,"02 07, 2024",1707278400,2024-02-07,Not satisfied with the durability. Stopped functioning as expected.,Could be better,True
A000683K,B0001001,4.0,"02 07, 2024",1707278400,2024-02-07,Very pleased with this purchase. Super fast delivery and great packaging.,Great quality product,True
A002783A,B0001032,3.0,"02 07, 2024",1707278400,2024-02-07,"Decent product for the cost, but has a few minor design quirks.",Average experience,False
A000612S,B0001061,5.0,"02 07, 2024",1707278400,2024-02-07,Works straight out of the box. Highly recommended for daily use!,Great quality product,True
A000909Y,B0001246,3.0,"02 07, 2024",1707278400,2024-02-07,"Met my basic expectations. Not premium, but good value overall.",Average experience,True
A001362J,B0001009,3.0,"02 07, 2024",1707278400,2024-02-07,Works as advertised. Average battery life and fair ergonomics.,Average experience,True
A000628L,B0001107,1.0,"02 07, 2024",1707278400,2024-02-07,Customer support was slow and the product felt flimsy.,Could be better,True
